Workbook

Sheet Sheet3
A1: Q2 Status | B1: All
A2: HP | B2: All
A3: Q1 Status | B3: All
A4: Q3 Status | B4: All
A5: Q4 Status | B5: (Multiple Items)
A7: Count of Section Name | B7: Column Labels
A8: Row Labels | B8: I | C8: II | D8: III | E8: IV | F8: IX | G8: KG I | H8: KG II | I8: Nursery | J8: Play Group | K8: V | L8: VI | M8: VII | N8: VIII | O8: X | P8: XI CAMBRIDGE | Q8: XI Com | R8: XI Hum | S8: XI Sci | T8: XII CAMBRIDGE | U8: XII Com | V8: XII Hum | W8: XII IBCP | X8: XII Sci | Y8: Grand Total
A9: A | B9: 11 | C9: 15 | D9: 11 | E9: 5 | F9: 4 | G9: 9 | H9: 12 | I9: 10 | J9: 9 | K9: 16 | L9: 9 | M9: 17 | N9: 7 | O9: 13 | S9: 39 | X9: 36 | Y9: 223
A10: B | B10: 11 | C10: 12 | D10: 13 | E10: 8 | F10: 12 | G10: 7 | H10: 9 | I10: 14 | J10: 11 | K10: 10 | L10: 11 | M10: 9 | N10: 9 | O10: 8 | S10: 62 | X10: 55 | Y10: 261
A11: C | B11: 5 | C11: 11 | D11: 5 | E11: 14 | F11: 12 | G11: 9 | H11: 9 | I11: 14 | K11: 11 | L11: 8 | M11: 10 | N11: 5 | O11: 15 | S11: 17 | X11: 23 | Y11: 168
A12: D | B12: 8 | C12: 12 | D12: 12 | E12: 9 | F12: 14 | G12: 6 | H12: 10 | K12: 10 | L12: 8 | M12: 11 | N12: 10 | O12: 14 | S12: 16 | X12: 17 | Y12: 157
A13: E | B13: 9 | C13: 9 | D13: 11 | E13: 5 | F13: 12 | G13: 8 | H13: 7 | K13: 13 | L13: 6 | M13: 11 | N13: 12 | O13: 9 | S13: 7 | X13: 13 | Y13: 132
A14: F | B14: 14 | C14: 13 | D14: 8 | E14: 10 | F14: 12 | G14: 7 | H14: 9 | K14: 17 | L14: 8 | M14: 15 | N14: 11 | O14: 10 | S14: 9 | X14: 24 | Y14: 167
A15: G | B15: 10 | C15: 7 | D15: 5 | E15: 5 | F15: 11 | G15: 7 | H15: 11 | K15: 14 | L15: 11 | M15: 8 | N15: 8 | O15: 15 | S15: 13 | X15: 13 | Y15: 138
A16: H | B16: 10 | C16: 5 | D16: 13 | E16: 11 | F16: 12 | H16: 9 | K16: 9 | L16: 11 | M16: 8 | N16: 7 | O16: 11 | S16: 26 | X16: 9 | Y16: 141
A17: I | B17: 11 | C17: 7 | D17: 12 | E17: 8 | F17: 11 | H17: 6 | K17: 11 | L17: 6 | M17: 13 | N17: 8 | O17: 14 | S17: 16 | X17: 7 | Y17: 130
A18: J | B18: 12 | C18: 5 | D18: 9 | E18: 7 | F18: 13 | K18: 11 | L18: 13 | M18: 11 | N18: 13 | O18: 13 | Q18: 7 | U18: 8 | Y18: 122
A19: K | B19: 10 | C19: 7 | D19: 9 | F19: 10 | L19: 14 | M19: 11 | N19: 12 | O19: 22 | Q19: 7 | U19: 10 | Y19: 112
A20: L | C20: 9 | Q20: 15 | U20: 10 | Y20: 34
A21: M | E21: 8 | F21: 3 | K21: 15 | L21: 7 | M21: 6 | N21: 9 | O21: 3 | Q21: 5 | U21: 3 | Y21: 59
A22: N | E22: 8 | Y22: 8
A23: O | R23: 15 | V23: 9 | Y23: 24
A24: Q | R24: 13 | V24: 5 | Y24: 18
A25: R | P25: 4 | T25: 2 | Y25: 6
A26: U | W26: 1 | Y26: 1
A27: Grand Total | B27: 111 | C27: 112 | D27: 108 | E27: 98 | F27: 126 | G27: 53 | H27: 82 | I27: 38 | J27: 20 | K27: 137 | L27: 112 | M27: 130 | N27: 111 | O27: 147 | P27: 4 | Q27: 34 | R27: 28 | S27: 205 | T27: 2 | U27: 31 | V27: 14 | W27: 1 | X27: 197 | Y27: 1901
T33: https://sirs.edu.in/admission/

Sheet Q3 Dashboard 
A1: Q2 Status | B1: (All)
A2: HP | B2: (All)
A3: Q1 Status | B3: (All)
A4: Q3 Status | B4: (Multiple Items)
A6: Count of Section Name | B6: Column Labels
A7: Row Labels | B7: I | C7: II | D7: III | E7: IV | F7: IX | G7: KG I | H7: KG II | I7: Nursery | J7: Play Group | K7: V | L7: VI | M7: VII | N7: VIII | O7: X | P7: XI CAMBRIDGE | Q7: XI Com | R7: XI Hum | S7: XI Sci | T7: XII CAMBRIDGE | U7: XII Com | V7: XII Hum | W7: XII Sci | X7: (blank) | Y7: XII IBCP | Z7: Grand Total
A8: A | B8: 24 | C8: 26 | D8: 26 | E8: 21 | F8: 19 | G8: 17 | H8: 20 | I8: 27 | J8: 20 | K8: 31 | L8: 26 | M8: 31 | N8: 29 | O8: 31 | S8: 67 | W8: 45 | Z8: 460
A9: B | B9: 21 | C9: 27 | D9: 24 | E9: 21 | F9: 25 | G9: 16 | H9: 19 | I9: 29 | J9: 19 | K9: 29 | L9: 26 | M9: 28 | N9: 28 | O9: 23 | S9: 93 | W9: 77 | Z9: 505
A10: C | B10: 22 | C10: 28 | D10: 15 | E10: 28 | F10: 31 | G10: 17 | H10: 18 | I10: 30 | K10: 30 | L10: 27 | M10: 31 | N10: 22 | O10: 31 | S10: 39 | W10: 45 | Z10: 414
A11: D | B11: 24 | C11: 23 | D11: 24 | E11: 27 | F11: 33 | G11: 15 | H11: 17 | K11: 28 | L11: 23 | M11: 26 | N11: 26 | O11: 30 | S11: 23 | W11: 39 | Z11: 358
A12: E | B12: 22 | C12: 21 | D12: 29 | E12: 21 | F12: 28 | G12: 16 | H12: 19 | K12: 27 | L12: 24 | M12: 30 | N12: 28 | O12: 32 | S12: 20 | W12: 25 | Z12: 342
A13: F | B13: 22 | C13: 22 | D13: 25 | E13: 22 | F13: 30 | G13: 17 | H13: 19 | K13: 28 | L13: 24 | M13: 28 | N13: 24 | O13: 28 | S13: 41 | W13: 40 | Z13: 370
A14: G | B14: 22 | C14: 22 | D14: 24 | E14: 22 | F14: 31 | G14: 15 | H14: 22 | K14: 24 | L14: 28 | M14: 27 | N14: 28 | O14: 35 | S14: 39 | W14: 34 | Z14: 373
A15: H | B15: 21 | C15: 19 | D15: 23 | E15: 24 | F15: 28 | H15: 18 | K15: 30 | L15: 24 | M15: 26 | N15: 25 | O15: 26 | S15: 59 | W15: 32 | Z15: 355
A16: I | B16: 22 | C16: 24 | D16: 22 | E16: 22 | F16: 33 | H16: 19 | K16: 30 | L16: 23 | M16: 29 | N16: 24 | O16: 31 | S16: 38 | W16: 34 | Z16: 351
A17: J | B17: 23 | C17: 12 | D17: 25 | E17: 21 | F17: 32 | K17: 27 | L17: 24 | M17: 27 | N17: 27 | O17: 26 | Q17: 28 | U17: 30 | Z17: 302
A18: K | B18: 15 | C18: 19 | D18: 25 | F18: 29 | L18: 28 | M18: 27 | N18: 26 | O18: 32 | Q18: 33 | U18: 30 | Z18: 264
A19: L | C19: 21 | Q19: 31 | U19: 33 | Z19: 85
A20: M | E20: 18 | F20: 13 | K20: 26 | L20: 19 | M20: 15 | N20: 22 | O20: 10 | Q20: 24 | U20: 24 | Z20: 171
A21: N | E21: 18 | Z21: 18
A22: O | R22: 34 | V22: 31 | Z22: 65
A23: Q | R23: 26 | V23: 24 | Z23: 50
A24: R | P24: 10 | T24: 5 | Z24: 15
A25: (blank)
A26: U | Y26: 3 | Z26: 3
A27: V | Y27: 3 | Z27: 3
A28: Grand Total | B28: 238 | C28: 264 | D28: 262 | E28: 265 | F28: 332 | G28: 113 | H28: 171 | I28: 86 | J28: 39 | K28: 310 | L28: 296 | M28: 325 | N28: 309 | O28: 335 | P28: 10 | Q28: 116 | R28: 60 | S28: 419 | T28: 5 | U28: 117 | V28: 55 | W28: 371 | Y28: 6 | Z28: 4504

Sheet Q1 Dashboard
A1: Q1 Status | B1: (Multiple Items)
A2: Admission Year | B2: (All)
A4: Count of Section Name | B4: Column Labels
A5: Row Labels | B5: I | C5: II | D5: III | E5: IV | F5: IX | G5: KG I | H5: KG II | I5: Nursery | J5: Play Group | K5: V | L5: VI | M5: VII | N5: VIII | O5: X | P5: XI Com | Q5: XI Hum | R5: XI Sci | S5: XII Com | T5: XII Hum | U5: XII Sci | V5: XII CAMBRIDGE | W5: XI CAMBRIDGE | X5: Grand Total
A6: A | B6: 24 | C6: 27 | D6: 29 | E6: 23 | F6: 21 | G6: 17 | H6: 20 | I6: 28 | J6: 20 | K6: 32 | L6: 26 | M6: 31 | N6: 29 | O6: 32 | R6: 68 | U6: 45 | X6: 472
A7: B | B7: 22 | C7: 27 | D7: 25 | E7: 22 | F7: 25 | G7: 16 | H7: 19 | I7: 29 | J7: 19 | K7: 30 | L7: 26 | M7: 28 | N7: 30 | O7: 25 | R7: 94 | U7: 77 | X7: 514
A8: C | B8: 22 | C8: 29 | D8: 16 | E8: 29 | F8: 30 | G8: 17 | H8: 18 | I8: 31 | K8: 30 | L8: 27 | M8: 32 | N8: 23 | O8: 31 | R8: 40 | U8: 46 | X8: 421
A9: D | B9: 24 | C9: 24 | D9: 24 | E9: 27 | F9: 34 | G9: 15 | H9: 18 | K9: 28 | L9: 25 | M9: 28 | N9: 26 | O9: 31 | R9: 26 | U9: 39 | X9: 369
A10: E | B10: 22 | C10: 22 | D10: 29 | E10: 21 | F10: 31 | G10: 16 | H10: 20 | K10: 29 | L10: 25 | M10: 30 | N10: 29 | O10: 33 | R10: 20 | U10: 25 | X10: 352
A11: F | B11: 22 | C11: 24 | D11: 26 | E11: 22 | F11: 30 | G11: 17 | H11: 19 | K11: 29 | L11: 24 | M11: 28 | N11: 25 | O11: 28 | R11: 41 | U11: 41 | X11: 376
A12: G | B12: 22 | C12: 24 | D12: 25 | E12: 23 | F12: 31 | G12: 17 | H12: 23 | K12: 26 | L12: 28 | M12: 28 | N12: 29 | O12: 35 | R12: 40 | U12: 34 | X12: 385
A13: H | B13: 22 | C13: 21 | D13: 23 | E13: 24 | F13: 29 | H13: 19 | K13: 30 | L13: 26 | M13: 26 | N13: 27 | O13: 28 | R13: 63 | U13: 35 | X13: 373
A14: I | B14: 22 | C14: 25 | D14: 22 | E14: 22 | F14: 33 | H14: 19 | K14: 30 | L14: 25 | M14: 29 | N14: 25 | O14: 32 | R14: 38 | U14: 34 | X14: 356
A15: J | B15: 23 | C15: 12 | D15: 25 | E15: 23 | F15: 32 | K15: 29 | L15: 25 | M15: 27 | N15: 28 | O15: 27 | P15: 29 | S15: 31 | X15: 311
A16: K | B16: 15 | C16: 20 | D16: 25 | F16: 31 | L16: 29 | M16: 28 | N16: 28 | O16: 32 | P16: 34 | S16: 33 | X16: 275
A17: L | C17: 21 | P17: 31 | S17: 33 | X17: 85
A18: M | E18: 18 | F18: 14 | K18: 27 | L18: 19 | M18: 15 | N18: 23 | O18: 11 | P18: 30 | S18: 29 | X18: 186
A19: N | E19: 18 | X19: 18
A20: O | Q20: 34 | T20: 33 | X20: 67
A21: Q | Q21: 27 | T21: 25 | X21: 52
A22: R | V22: 5 | W22: 11 | X22: 16
A23: Grand Total | B23: 240 | C23: 276 | D23: 269 | E23: 272 | F23: 341 | G23: 115 | H23: 175 | I23: 88 | J23: 39 | K23: 320 | L23: 305 | M23: 330 | N23: 322 | O23: 345 | P23: 124 | Q23: 61 | R23: 430 | S23: 126 | T23: 58 | U23: 376 | V23: 5 | W23: 11 | X23: 4628

Sheet Q2 Dashboard
A1: Q2 Status | B1: (Multiple Items)
A2: HP | B2: (All)
A3: Q1 Status | B3: (All)
A5: Count of Section Name | B5: Column Labels
A6: Row Labels | B6: I | C6: II | D6: III | E6: IV | F6: IX | G6: KG I | H6: KG II | I6: Nursery | J6: Play Group | K6: V | L6: VI | M6: VII | N6: VIII | O6: X | P6: XI CAMBRIDGE | Q6: XI Com | R6: XI Hum | S6: XI Sci | T6: XII CAMBRIDGE | U6: XII Com | V6: XII Hum | W6: XII Sci | X6: (blank) | Y6: XII IBCP | Z6: Grand Total
A7: A | B7: 24 | C7: 27 | D7: 27 | E7: 23 | F7: 21 | G7: 17 | H7: 20 | I7: 28 | J7: 20 | K7: 32 | L7: 26 | M7: 31 | N7: 29 | O7: 32 | S7: 68 | W7: 45 | Z7: 470
A8: B | B8: 22 | C8: 27 | D8: 25 | E8: 22 | F8: 25 | G8: 16 | H8: 19 | I8: 29 | J8: 19 | K8: 30 | L8: 26 | M8: 28 | N8: 30 | O8: 25 | S8: 94 | W8: 77 | Z8: 514
A9: C | B9: 22 | C9: 29 | D9: 16 | E9: 29 | F9: 30 | G9: 17 | H9: 18 | I9: 31 | K9: 30 | L9: 27 | M9: 32 | N9: 23 | O9: 31 | S9: 39 | W9: 46 | Z9: 420
A10: D | B10: 24 | C10: 24 | D10: 24 | E10: 27 | F10: 34 | G10: 15 | H10: 18 | K10: 28 | L10: 25 | M10: 28 | N10: 26 | O10: 31 | S10: 24 | W10: 39 | Z10: 367
A11: E | B11: 22 | C11: 22 | D11: 29 | E11: 21 | F11: 31 | G11: 16 | H11: 20 | K11: 29 | L11: 25 | M11: 30 | N11: 29 | O11: 33 | S11: 20 | W11: 25 | Z11: 352
A12: F | B12: 22 | C12: 24 | D12: 25 | E12: 22 | F12: 30 | G12: 17 | H12: 19 | K12: 29 | L12: 24 | M12: 28 | N12: 25 | O12: 28 | S12: 41 | W12: 41 | Z12: 375
A13: G | B13: 22 | C13: 23 | D13: 25 | E13: 23 | F13: 31 | G13: 17 | H13: 23 | K13: 26 | L13: 28 | M13: 28 | N13: 29 | O13: 35 | S13: 39 | W13: 34 | Z13: 383
A14: H | B14: 22 | C14: 21 | D14: 23 | E14: 24 | F14: 29 | H14: 19 | K14: 30 | L14: 26 | M14: 25 | N14: 26 | O14: 28 | S14: 63 | W14: 34 | Z14: 370
A15: I | B15: 22 | C15: 25 | D15: 22 | E15: 22 | F15: 33 | H15: 19 | K15: 30 | L15: 22 | M15: 29 | N15: 25 | O15: 32 | S15: 38 | W15: 34 | Z15: 353
A16: J | B16: 23 | C16: 12 | D16: 25 | E16: 23 | F16: 32 | K16: 29 | L16: 25 | M16: 27 | N16: 28 | O16: 27 | Q16: 29 | U16: 30 | Z16: 310
A17: K | B17: 15 | C17: 20 | D17: 25 | F17: 31 | L17: 29 | M17: 28 | N17: 28 | O17: 32 | Q17: 34 | U17: 33 | Z17: 275
A18: L | C18: 21 | Q18: 31 | U18: 33 | Z18: 85
A19: M | E19: 18 | F19: 14 | K19: 27 | L19: 19 | M19: 15 | N19: 23 | O19: 11 | Q19: 28 | U19: 27 | Z19: 182
A20: N | E20: 18 | Z20: 18
A21: O | R21: 34 | V21: 33 | Z21: 67
A22: Q | R22: 27 | V22: 24 | Z22: 51
A23: R | P23: 11 | T23: 5 | Z23: 16
A24: (blank)
A25: U | Y25: 3 | Z25: 3
A26: V | Y26: 3 | Z26: 3
A27: Grand Total | B27: 240 | C27: 275 | D27: 266 | E27: 272 | F27: 341 | G27: 115 | H27: 175 | I27: 88 | J27: 39 | K27: 320 | L27: 302 | M27: 329 | N27: 321 | O27: 345 | P27: 11 | Q27: 122 | R27: 61 | S27: 426 | T27: 5 | U27: 123 | V27: 57 | W27: 375 | Y27: 6 | Z27: 4614

Sheet Food Dashboard
A1: Food Status | B1: Yes
A3: Count of Admission No. | B3: Column Labels
A4: Row Labels | B4: I | C4: II | D4: III | E4: IV | F4: IX | G4: KG I | H4: KG II | I4: Nursery | J4: Play Group | K4: V | L4: VI | M4: VII | N4: VIII | O4: X | P4: XI CAMBRIDGE | Q4: XI Com | R4: XI Hum | S4: XI Sci | T4: XII CAMBRIDGE | U4: XII Com | V4: XII Hum | W4: XII Sci | X4: XII IBCP | Y4: Grand Total
A5: A | B5: 16 | C5: 20 | D5: 23 | E5: 17 | F5: 10 | G5: 14 | H5: 16 | I5: 12 | J5: 5 | K5: 26 | L5: 15 | M5: 18 | N5: 17 | O5: 22 | S5: 51 | W5: 26 | Y5: 308
A6: B | B6: 18 | C6: 23 | D6: 18 | E6: 16 | F6: 18 | G6: 13 | H6: 17 | I6: 17 | J6: 5 | K6: 20 | L6: 12 | M6: 16 | N6: 18 | O6: 14 | S6: 57 | W6: 43 | Y6: 325
A7: C | B7: 19 | C7: 21 | D7: 11 | E7: 25 | F7: 18 | G7: 17 | H7: 17 | I7: 14 | K7: 16 | L7: 14 | M7: 19 | N7: 19 | O7: 18 | S7: 17 | W7: 18 | Y7: 263
A8: D | B8: 19 | C8: 21 | D8: 18 | E8: 23 | F8: 17 | G8: 12 | H8: 16 | K8: 17 | L8: 12 | M8: 18 | N8: 12 | O8: 14 | S8: 18 | W8: 22 | Y8: 239
A9: E | B9: 15 | C9: 21 | D9: 22 | E9: 19 | F9: 17 | G9: 14 | H9: 16 | K9: 22 | L9: 9 | M9: 15 | N9: 18 | O9: 26 | S9: 10 | W9: 14 | Y9: 238
A10: F | B10: 16 | C10: 16 | D10: 19 | E10: 12 | F10: 19 | G10: 11 | H10: 17 | K10: 18 | L10: 6 | M10: 10 | N10: 15 | O10: 20 | S10: 19 | W10: 16 | Y10: 214
A11: G | B11: 19 | C11: 18 | D11: 21 | E11: 17 | F11: 20 | G11: 14 | H11: 18 | K11: 9 | L11: 7 | M11: 14 | N11: 18 | O11: 21 | S11: 17 | W11: 20 | Y11: 233
A12: H | B12: 20 | C12: 18 | D12: 18 | E12: 16 | F12: 21 | H12: 14 | K12: 19 | L12: 12 | M12: 18 | N12: 22 | O12: 17 | S12: 21 | W12: 19 | Y12: 235
A13: I | B13: 13 | C13: 18 | D13: 17 | E13: 16 | F13: 16 | H13: 16 | K13: 19 | L13: 12 | M13: 11 | N13: 13 | O13: 20 | S13: 13 | W13: 17 | Y13: 201
A14: J | B14: 15 | C14: 9 | D14: 18 | E14: 20 | F14: 20 | K14: 21 | L14: 13 | M14: 17 | N14: 17 | O14: 16 | Q14: 10 | U14: 13 | Y14: 189
A15: K | B15: 12 | C15: 16 | D15: 22 | F15: 18 | L15: 10 | M15: 16 | N15: 20 | O15: 19 | Q15: 15 | U15: 21 | Y15: 169
A16: L | C16: 16 | Q16: 18 | U16: 14 | Y16: 48
A17: M | E17: 12 | F17: 9 | K17: 18 | L17: 9 | M17: 2 | N17: 9 | O17: 7 | Q17: 12 | U17: 19 | Y17: 97
A18: N | E18: 17 | Y18: 17
A19: O | R19: 18 | V19: 18 | Y19: 36
A20: Q | R20: 13 | V20: 14 | Y20: 27
A21: R | P21: 7 | T21: 5 | Y21: 12
A22: U | X22: 2 | Y22: 2
A23: V | X23: 1 | Y23: 1
A24: Grand Total | B24: 182 | C24: 217 | D24: 207 | E24: 210 | F24: 203 | G24: 95 | H24: 147 | I24: 43 | J24: 10 | K24: 205 | L24: 131 | M24: 174 | N24: 198 | O24: 214 | P24: 7 | Q24: 55 | R24: 31 | S24: 223 | T24: 5 | U24: 67 | V24: 32 | W24: 195 | X24: 3 | Y24: 2854

Sheet Food
A1: Admission No. | B1: Food
A2: 15044 | B2: Yes
A3: 14917 | B3: Yes
A4: 15107 | B4: Yes
A5: 15101 | B5: Yes
A6: 15098 | B6: Yes
A7: 14648 | B7: Yes
A8: 15084 | B8: Yes
A9: 15069 | B9: Yes
A10: 15096 | B10: Yes
A11: 15095 | B11: Yes
A12: 6193 | B12: Yes
A13: 13590 | B13: Yes
... A2640: 14247 | B2640: Yes
A2641: A01810 | B2641: Yes
A2642: A01809 | B2642: Yes
A2643: A01807 | B2643: Yes
A2644: A01800 | B2644: Yes
A2645: A01769 | B2645: Yes
A2646: A01439 | B2646: Yes
A2647: A01657 | B2647: Yes
A2648: A01806 | B2648: Yes
A2649: A01796 | B2649: Yes
A2650: A01799 | B2650: Yes
A2651: A01798 | B2651: Yes
A2652: A01797 | B2652: Yes
... A2947: A01633 | B2947: Yes

Sheet Sheet4
A1: ADM
A2: 13928
A3: 14177
A4: 13943
A5: 2203
A6: 13968
A7: 13476
A8: 2292
A9: 13470
A10: 1012
A11: 13494
A12: 13456
A13: 13478
... A31: 13584

Sheet Sheet1

Sheet Student List
A1: Sr No. | B1: Admission No. | C1: Class Name | D1: Section Name | E1: Student Name | F1: Father Name | G1: Father Email Id | H1: Father Primary Contact | I1: Mother Name | J1: Mother Email Id | K1: Mother Primary Contact | L1: Admission Year | M1: HP | N1: Communication Remarks | O1: Oversight SMS | P1: Q1 Amount | Q1: Q1 Status | R1: Q2 Amount | S1: Q2 Status | T1: Q3 Amount | U1: Q3 Status | V1: Q4 Amount | W1: Q4 Status | X1: Food Status | Y1: Calling List | Z1: SMS Practical
A2: 1 | B2: A01819 | C2: Play Group | D2: A | E2: Aarav Patnaik | F2: Roshan Pattnaik | G2: roshan.pattnaik9@gmail.com | H2: 9861438648 | I2: Suryasikha Samal | J2: suryasikhasamal@gmail.com | K2: 9437627732 | L2: 2025-2026 | M2: =VLOOKUP(B2,'HP List'!A:G,7,0) -> #N/A | N2: =VLOOKUP(B2,'HP List'!A:H,8,0) -> #N/A | P2: =VLOOKUP(B2,'Q1'!A:B,2,0) -> #N/A | Q2: =IF(P2>5000,"Unpaid","Paid") -> #N/A | R2: =VLOOKUP(B2,'Q2'!A:B,2,0) -> #N/A | S2: =IF(R2>5000,"Unpaid","Paid") -> #N/A | T2: =VLOOKUP(B2,'Q3'!A:B,2,0) -> #N/A | U2: =IF(T2>5000,"Unpaid","Paid") -> #N/A | V2: =VLOOKUP(B2,'Q4'!A:B,2,0) -> #N/A | W2: =IF(V2>5000,"Unpaid","Paid") -> #N/A | X2: =VLOOKUP(B2,Food!A:B,2,0) -> #N/A | Y2: =VLOOKUP(B2,'Call List'!A:A,1,0) -> A01819 | Z2: =VLOOKUP(B2,Sheet4!A:A,1,0) -> #N/A
A3: 2 | B3: A01731 | C3: Play Group | D3: A | E3: Abhim Saikrishna Patra | F3: Ashok kumar Patra | G3: bandita.rout@gmail.com | H3: 9611555560 | I3: Bandita Rout | J3: bandita.rout@gmail.com | K3: 9916141694 | L3: 2025-2026 | M3: =VLOOKUP(B3,'HP List'!A:G,7,0) -> #N/A | N3: =VLOOKUP(B3,'HP List'!A:H,8,0) -> #N/A | P3: =VLOOKUP(B3,'Q1'!A:B,2,0) -> #N/A | Q3: =IF(P3>5000,"Unpaid","Paid") -> #N/A | R3: =VLOOKUP(B3,'Q2'!A:B,2,0) -> #N/A | S3: =IF(R3>5000,"Unpaid","Paid") -> #N/A | T3: =VLOOKUP(B3,'Q3'!A:B,2,0) -> #N/A | U3: =IF(T3>5000,"Unpaid","Paid") -> #N/A | V3: =VLOOKUP(B3,'Q4'!A:B,2,0) -> #N/A | W3: =IF(V3>5000,"Unpaid","Paid") -> #N/A | X3: =VLOOKUP(B3,Food!A:B,2,0) -> #N/A | Y3: =VLOOKUP(B3,'Call List'!A:A,1,0) -> A01731 | Z3: =VLOOKUP(B3,Sheet4!A:A,1,0) -> #N/A
A4: 3 | B4: A01798 | C4: Play Group | D4: A | E4: ADWAIT JENA | F4: NILADRI BHUSAN JENA | G4: nil354@gmail.com | H4: 9741288822 | I4: DEVISHREE DAS | J4: devishreedas111@gmail.com | K4: 8895299296 | L4: 2025-2026 | M4: =VLOOKUP(B4,'HP List'!A:G,7,0) -> #N/A | N4: =VLOOKUP(B4,'HP List'!A:H,8,0) -> #N/A | P4: =VLOOKUP(B4,'Q1'!A:B,2,0) -> #N/A | Q4: =IF(P4>5000,"Unpaid","Paid") -> #N/A | R4: =VLOOKUP(B4,'Q2'!A:B,2,0) -> #N/A | S4: =IF(R4>5000,"Unpaid","Paid") -> #N/A | T4: =VLOOKUP(B4,'Q3'!A:B,2,0) -> #N/A | U4: =IF(T4>5000,"Unpaid","Paid") -> #N/A | V4: =VLOOKUP(B4,'Q4'!A:B,2,0) -> 19950 | W4: =IF(V4>5000,"Unpaid","Paid") -> Unpaid | X4: =VLOOKUP(B4,Food!A:B,2,0) -> Yes | Y4: =VLOOKUP(B4,'Call List'!A:A,1,0) -> A01798 | Z4: =VLOOKUP(B4,Sheet4!A:A,1,0) -> #N/A
A5: 4 | B5: A01733 | C5: Play Group | D5: A | E5: Atharv Kumar Jena | F5: Ashis Kumar Jena | G5: subhashreepatra111@gmail.com | H5: 9668569257 | I5: Subhashree Patra | J5: subhashreepatra111@gmail.com | K5: 7504818550 | L5: 2025-2026 | M5: =VLOOKUP(B5,'HP List'!A:G,7,0) -> #N/A | N5: =VLOOKUP(B5,'HP List'!A:H,8,0) -> #N/A | P5: =VLOOKUP(B5,'Q1'!A:B,2,0) -> #N/A | Q5: =IF(P5>5000,"Unpaid","Paid") -> #N/A | R5: =VLOOKUP(B5,'Q2'!A:B,2,0) -> #N/A | S5: =IF(R5>5000,"Unpaid","Paid") -> #N/A | T5: =VLOOKUP(B5,'Q3'!A:B,2,0) -> #N/A | U5: =IF(T5>5000,"Unpaid","Paid") -> #N/A | V5: =VLOOKUP(B5,'Q4'!A:B,2,0) -> #N/A | W5: =IF(V5>5000,"Unpaid","Paid") -> #N/A | X5: =VLOOKUP(B5,Food!A:B,2,0) -> #N/A | Y5: =VLOOKUP(B5,'Call List'!A:A,1,0) -> A01733 | Z5: =VLOOKUP(B5,Sheet4!A:A,1,0) -> #N/A
A6: 5 | B6: A01836 | C6: Play Group | D6: A | E6: Avnesh Sahu | F6: Bijay Kumar Sahu | G6: drvjkumar19@gmail.com | H6: 7978672990 | I6: Aparna Sahu | J6: aparna.sahu90@gmail.com | K6: 7978672990 | L6: 2025-2026 | M6: =VLOOKUP(B6,'HP List'!A:G,7,0) -> #N/A | N6: =VLOOKUP(B6,'HP List'!A:H,8,0) -> #N/A | P6: =VLOOKUP(B6,'Q1'!A:B,2,0) -> #N/A | Q6: =IF(P6>5000,"Unpaid","Paid") -> #N/A | R6: =VLOOKUP(B6,'Q2'!A:B,2,0) -> #N/A | S6: =IF(R6>5000,"Unpaid","Paid") -> #N/A | T6: =VLOOKUP(B6,'Q3'!A:B,2,0) -> #N/A | U6: =IF(T6>5000,"Unpaid","Paid") -> #N/A | V6: =VLOOKUP(B6,'Q4'!A:B,2,0) -> 17550 | W6: =IF(V6>5000,"Unpaid","Paid") -> Unpaid | X6: =VLOOKUP(B6,Food!A:B,2,0) -> #N/A | Y6: =VLOOKUP(B6,'Call List'!A:A,1,0) -> #N/A | Z6: =VLOOKUP(B6,Sheet4!A:A,1,0) -> #N/A
A7: 6 | B7: A01828 | C7: Play Group | D7: A | E7: Bhavya Baibhabi Samal | F7: Himansu Kumar Samal | G7: himansu.ksamal@gmail.com | H7: 7328094532 | I7: Sarojini Swain | J7: swainsarojini84@gmail.com | K7: 9938594220 | L7: 2025-2026 | M7: =VLOOKUP(B7,'HP List'!A:G,7,0) -> #N/A | N7: =VLOOKUP(B7,'HP List'!A:H,8,0) -> #N/A | P7: =VLOOKUP(B7,'Q1'!A:B,2,0) -> #N/A | Q7: =IF(P7>5000,"Unpaid","Paid") -> #N/A | R7: =VLOOKUP(B7,'Q2'!A:B,2,0) -> #N/A | S7: =IF(R7>5000,"Unpaid","Paid") -> #N/A | T7: =VLOOKUP(B7,'Q3'!A:B,2,0) -> #N/A | U7: =IF(T7>5000,"Unpaid","Paid") -> #N/A | V7: =VLOOKUP(B7,'Q4'!A:B,2,0) -> 17550 | W7: =IF(V7>5000,"Unpaid","Paid") -> Unpaid | X7: =VLOOKUP(B7,Food!A:B,2,0) -> #N/A | Y7: =VLOOKUP(B7,'Call List'!A:A,1,0) -> A01828 | Z7: =VLOOKUP(B7,Sheet4!A:A,1,0) -> #N/A
A8: 7 | B8: A01692 | C8: Play Group | D8: A | E8: Devanshi Ashooja | F8: Subash Chandra Sahoo | G8: rpoojalin12@gmail.com | H8: 7008996806 | I8: Poojalin Rout | J8: subashsahoo1987@gmail.com | K8: 9040800262 | L8: 2025-2026 | M8: =VLOOKUP(B8,'HP List'!A:G,7,0) -> #N/A | N8: =VLOOKUP(B8,'HP List'!A:H,8,0) -> #N/A | P8: =VLOOKUP(B8,'Q1'!A:B,2,0) -> #N/A | Q8: =IF(P8>5000,"Unpaid","Paid") -> #N/A | R8: =VLOOKUP(B8,'Q2'!A:B,2,0) -> #N/A | S8: =IF(R8>5000,"Unpaid","Paid") -> #N/A | T8: =VLOOKUP(B8,'Q3'!A:B,2,0) -> #N/A | U8: =IF(T8>5000,"Unpaid","Paid") -> #N/A | V8: =VLOOKUP(B8,'Q4'!A:B,2,0) -> 17550 | W8: =IF(V8>5000,"Unpaid","Paid") -> Unpaid | X8: =VLOOKUP(B8,Food!A:B,2,0) -> #N/A | Y8: =VLOOKUP(B8,'Call List'!A:A,1,0) -> A01692 | Z8: =VLOOKUP(B8,Sheet4!A:A,1,0) -> #N/A
A9: 8 | B9: A01757 | C9: Play Group | D9: A | E9: Ishanvi Ray | F9: Satyabrata Barik | G9: barik.satyabratta@gmail.com | H9: 9078245246 | I9: Sweta Priyadarshinee | J9: swetapriyadarshinee@gmail.com | K9: 8658518351 | L9: 2025-2026 | M9: =VLOOKUP(B9,'HP List'!A:G,7,0) -> #N/A | N9: =VLOOKUP(B9,'HP List'!A:H,8,0) -> #N/A | P9: =VLOOKUP(B9,'Q1'!A:B,2,0) -> #N/A | Q9: =IF(P9>5000,"Unpaid","Paid") -> #N/A | R9: =VLOOKUP(B9,'Q2'!A:B,2,0) -> #N/A | S9: =IF(R9>5000,"Unpaid","Paid") -> #N/A | T9: =VLOOKUP(B9,'Q3'!A:B,2,0) -> #N/A | U9: =IF(T9>5000,"Unpaid","Paid") -> #N/A | V9: =VLOOKUP(B9,'Q4'!A:B,2,0) -> #N/A | W9: =IF(V9>5000,"Unpaid","Paid") -> #N/A | X9: =VLOOKUP(B9,Food!A:B,2,0) -> #N/A | Y9: =VLOOKUP(B9,'Call List'!A:A,1,0) -> A01757 | Z9: =VLOOKUP(B9,Sheet4!A:A,1,0) -> #N/A
A10: 9 | B10: A01790 | C10: Play Group | D10: A | E10: Jivisha Pasayat | F10: Parth Pratim Pasayat | G10: parth_p3@live.com | H10: 9643334119 | I10: Swati Pradhan | J10: swatipradhan91@gmail.com | K10: 8018161589 | L10: 2025-2026 | M10: =VLOOKUP(B10,'HP List'!A:G,7,0) -> #N/A | N10: =VLOOKUP(B10,'HP List'!A:H,8,0) -> #N/A | P10: =VLOOKUP(B10,'Q1'!A:B,2,0) -> #N/A | Q10: =IF(P10>5000,"Unpaid","Paid") -> #N/A | R10: =VLOOKUP(B10,'Q2'!A:B,2,0) -> #N/A | S10: =IF(R10>5000,"Unpaid","Paid") -> #N/A | T10: =VLOOKUP(B10,'Q3'!A:B,2,0) -> #N/A | U10: =IF(T10>5000,"Unpaid","Paid") -> #N/A | V10: =VLOOKUP(B10,'Q4'!A:B,2,0) -> #N/A | W10: =IF(V10>5000,"Unpaid","Paid") -> #N/A | X10: =VLOOKUP(B10,Food!A:B,2,0) -> #N/A | Y10: =VLOOKUP(B10,'Call List'!A:A,1,0) -> A01790 | Z10: =VLOOKUP(B10,Sheet4!A:A,1,0) -> #N/A
A11: 10 | B11: A01771 | C11: Play Group | D11: A | E11: Krishnapriya Panda | F11: Rashmi Ranjan Panda | G11: lipuni.mitali@gmail.com | H11: 6372214177 | I11: Mitali Mohapatra | J11: lipuni.mitali@gmail.com | K11: 6372214177 | L11: 2025-2026 | M11: =VLOOKUP(B11,'HP List'!A:G,7,0) -> #N/A | N11: =VLOOKUP(B11,'HP List'!A:H,8,0) -> #N/A | P11: =VLOOKUP(B11,'Q1'!A:B,2,0) -> #N/A | Q11: =IF(P11>5000,"Unpaid","Paid") -> #N/A | R11: =VLOOKUP(B11,'Q2'!A:B,2,0) -> #N/A | S11: =IF(R11>5000,"Unpaid","Paid") -> #N/A | T11: =VLOOKUP(B11,'Q3'!A:B,2,0) -> #N/A | U11: =IF(T11>5000,"Unpaid","Paid") -> #N/A | V11: =VLOOKUP(B11,'Q4'!A:B,2,0) -> 17550 | W11: =IF(V11>5000,"Unpaid","Paid") -> Unpaid | X11: =VLOOKUP(B11,Food!A:B,2,0) -> #N/A | Y11: =VLOOKUP(B11,'Call List'!A:A,1,0) -> A01771 | Z11: =VLOOKUP(B11,Sheet4!A:A,1,0) -> #N/A
A12: 11 | B12: A01827 | C12: Play Group | D12: A | E12: Nirvaan Swain | F12: Sandeep Swain | G12: sandeep.swainrkl@gmail.com | H12: 9945053805 | I12: Prerana Jena | J12: prerna187@gmail.com | K12: 9686565486 | L12: 2025-2026 | M12: =VLOOKUP(B12,'HP List'!A:G,7,0) -> #N/A | N12: =VLOOKUP(B12,'HP List'!A:H,8,0) -> #N/A | P12: =VLOOKUP(B12,'Q1'!A:B,2,0) -> #N/A | Q12: =IF(P12>5000,"Unpaid","Paid") -> #N/A | R12: =VLOOKUP(B12,'Q2'!A:B,2,0) -> #N/A | S12: =IF(R12>5000,"Unpaid","Paid") -> #N/A | T12: =VLOOKUP(B12,'Q3'!A:B,2,0) -> #N/A | U12: =IF(T12>5000,"Unpaid","Paid") -> #N/A | V12: =VLOOKUP(B12,'Q4'!A:B,2,0) -> 17550 | W12: =IF(V12>5000,"Unpaid","Paid") -> Unpaid | X12: =VLOOKUP(B12,Food!A:B,2,0) -> #N/A | Y12: =VLOOKUP(B12,'Call List'!A:A,1,0) -> A01827 | Z12: =VLOOKUP(B12,Sheet4!A:A,1,0) -> #N/A
A13: 12 | B13: A01815 | C13: Play Group | D13: A | E13: Raj Reyansh Shukla | F13: Raj Rishabh Shukla | G13: raajrishabhshukla@gmail.com | H13: 9560273697 | I13: Deepshikha | J13: deepshikhalawer@gmail.com | K13: 9661085048 | L13: 2025-2026 | M13: =VLOOKUP(B13,'HP List'!A:G,7,0) -> #N/A | N13: =VLOOKUP(B13,'HP List'!A:H,8,0) -> #N/A | P13: =VLOOKUP(B13,'Q1'!A:B,2,0) -> #N/A | Q13: =IF(P13>5000,"Unpaid","Paid") -> #N/A | R13: =VLOOKUP(B13,'Q2'!A:B,2,0) -> #N/A | S13: =IF(R13>5000,"Unpaid","Paid") -> #N/A | T13: =VLOOKUP(B13,'Q3'!A:B,2,0) -> #N/A | U13: =IF(T13>5000,"Unpaid","Paid") -> #N/A | V13: =VLOOKUP(B13,'Q4'!A:B,2,0) -> #N/A | W13: =IF(V13>5000,"Unpaid","Paid") -> #N/A | X13: =VLOOKUP(B13,Food!A:B,2,0) -> #N/A | Y13: =VLOOKUP(B13,'Call List'!A:A,1,0) -> A01815 | Z13: =VLOOKUP(B13,Sheet4!A:A,1,0) -> #N/A
... A106: 105 | B106: A01721 | C106: Nursery | D106: C | E106: B Sharvil Shivansh | F106: Manabhanjan Behera | G106: maafs183868@gmail.com | H106: 9937202000 | I106: Madhusmita Swain | J106: madhusmitapuchi@gmail.com | K106: 7978124892 | L106: 2025-2026 | M106: =VLOOKUP(B106,'HP List'!A:G,7,0) -> #N/A | N106: =VLOOKUP(B106,'HP List'!A:H,8,0) -> #N/A | P106: =VLOOKUP(B106,'Q1'!A:B,2,0) -> #N/A | Q106: =IF(P106>5000,"Unpaid","Paid") -> #N/A | R106: =VLOOKUP(B106,'Q2'!A:B,2,0) -> #N/A | S106: =IF(R106>5000,"Unpaid","Paid") -> #N/A | T106: =VLOOKUP(B106,'Q3'!A:B,2,0) -> #N/A | U106: =IF(T106>5000,"Unpaid","Paid") -> #N/A | V106: =VLOOKUP(B106,'Q4'!A:B,2,0) -> 36015 | W106: =IF(V106>5000,"Unpaid","Paid") -> Unpaid | X106: =VLOOKUP(B106,Food!A:B,2,0) -> Yes | Y106: =VLOOKUP(B106,'Call List'!A:A,1,0) -> A01721 | Z106: =VLOOKUP(B106,Sheet4!A:A,1,0) -> #N/A
A107: 106 | B107: A01476 | C107: Nursery | D107: C | E107: Dakshya Nandini Dalai | F107: Umasankar Dalai | G107: umasankardalai1981@gmail.com | H107: 9438465846 | I107: Sunita Dalai | J107: sunitadalai3007@gmail.com | K107: 9439925911 | L107: 2024-2025 | M107: =VLOOKUP(B107,'HP List'!A:G,7,0) -> #N/A | N107: =VLOOKUP(B107,'HP List'!A:H,8,0) -> #N/A | P107: =VLOOKUP(B107,'Q1'!A:B,2,0) -> #N/A | Q107: =IF(P107>5000,"Unpaid","Paid") -> #N/A | R107: =VLOOKUP(B107,'Q2'!A:B,2,0) -> #N/A | S107: =IF(R107>5000,"Unpaid","Paid") -> #N/A | T107: =VLOOKUP(B107,'Q3'!A:B,2,0) -> #N/A | U107: =IF(T107>5000,"Unpaid","Paid") -> #N/A | V107: =VLOOKUP(B107,'Q4'!A:B,2,0) -> #N/A | W107: =IF(V107>5000,"Unpaid","Paid") -> #N/A | X107: =VLOOKUP(B107,Food!A:B,2,0) -> #N/A | Y107: =VLOOKUP(B107,'Call List'!A:A,1,0) -> A01476 | Z107: =VLOOKUP(B107,Sheet4!A:A,1,0) -> #N/A | AA107: SRP
A108: 107 | B108: A01598 | C108: Nursery | D108: C | E108: Dhruva Kumar Patra | F108: Dillip Kumar Patra | G108: patradillip91@gmail.com | H108: 7978681617 | I108: Sashikala Biswal | J108: b.arushi1993@gmail.com | K108: 6372848323 | L108: 2024-2025 | M108: =VLOOKUP(B108,'HP List'!A:G,7,0) -> #N/A | N108: =VLOOKUP(B108,'HP List'!A:H,8,0) -> #N/A | P108: =VLOOKUP(B108,'Q1'!A:B,2,0) -> #N/A | Q108: =IF(P108>5000,"Unpaid","Paid") -> #N/A | R108: =VLOOKUP(B108,'Q2'!A:B,2,0) -> #N/A | S108: =IF(R108>5000,"Unpaid","Paid") -> #N/A | T108: =VLOOKUP(B108,'Q3'!A:B,2,0) -> #N/A | U108: =IF(T108>5000,"Unpaid","Paid") -> #N/A | V108: =VLOOKUP(B108,'Q4'!A:B,2,0) -> 29715 | W108: =IF(V108>5000,"Unpaid","Paid") -> Unpaid | X108: =VLOOKUP(B108,Food!A:B,2,0) -> #N/A | Y108: =VLOOKUP(B108,'Call List'!A:A,1,0) -> A01598 | Z108: =VLOOKUP(B108,Sheet4!A:A,1,0) -> #N/A
A109: 108 | B109: A01457 | C109: Nursery | D109: C | E109: Krishiv Dey | F109: Abinash Kumar Dey | G109: abinashkudey@gmail.com | H109: 9438062303 | I109: Susmita Sen | J109: susmita98payal@gmail.com | K109: 9777662277 | L109: 2024-2025 | M109: =VLOOKUP(B109,'HP List'!A:G,7,0) -> #N/A | N109: =VLOOKUP(B109,'HP List'!A:H,8,0) -> #N/A | P109: =VLOOKUP(B109,'Q1'!A:B,2,0) -> #N/A | Q109: =IF(P109>5000,"Unpaid","Paid") -> #N/A | R109: =VLOOKUP(B109,'Q2'!A:B,2,0) -> #N/A | S109: =IF(R109>5000,"Unpaid","Paid") -> #N/A | T109: =VLOOKUP(B109,'Q3'!A:B,2,0) -> #N/A | U109: =IF(T109>5000,"Unpaid","Paid") -> #N/A | V109: =VLOOKUP(B109,'Q4'!A:B,2,0) -> #N/A | W109: =IF(V109>5000,"Unpaid","Paid") -> #N/A | X109: =VLOOKUP(B109,Food!A:B,2,0) -> #N/A | Y109: =VLOOKUP(B109,'Call List'!A:A,1,0) -> A01457 | Z109: =VLOOKUP(B109,Sheet4!A:A,1,0) -> #N/A
A110: 109 | B110: A01751 | C110: Nursery | D110: C | E110: Kritika Mohapatra | F110: Patitapaban Mohapatra | G110: ritarani1991@gmail.com | H110: 9937357251 | I110: Ritarani Mohapatra | J110: ritarani1991@gmail.com | K110: 8763550833 | L110: 2025-2026 | M110: =VLOOKUP(B110,'HP List'!A:G,7,0) -> #N/A | N110: =VLOOKUP(B110,'HP List'!A:H,8,0) -> #N/A | P110: =VLOOKUP(B110,'Q1'!A:B,2,0) -> #N/A | Q110: =IF(P110>5000,"Unpaid","Paid") -> #N/A | R110: =VLOOKUP(B110,'Q2'!A:B,2,0) -> #N/A | S110: =IF(R110>5000,"Unpaid","Paid") -> #N/A | T110: =VLOOKUP(B110,'Q3'!A:B,2,0) -> #N/A | U110: =IF(T110>5000,"Unpaid","Paid") -> #N/A | V110: =VLOOKUP(B110,'Q4'!A:B,2,0) -> #N/A | W110: =IF(V110>5000,"Unpaid","Paid") -> #N/A | X110: =VLOOKUP(B110,Food!A:B,2,0) -> #N/A | Y110: =VLOOKUP(B110,'Call List'!A:A,1,0) -> A01751 | Z110: =VLOOKUP(B110,Sheet4!A:A,1,0) -> #N/A
A111: 110 | B111: A01656 | C111: Nursery | D111: C | E111: Kuldeep Paikaray | F111: Soubhagya Ranjan Paikaray | G111: soubhagyapaikaray15@gmail.com | H111: 7008959467 | I111: Subhashree Mohanty | J111: subhashreesrp@gmail.com | K111: 7978484438 | L111: 2025-2026 | M111: =VLOOKUP(B111,'HP List'!A:G,7,0) -> #N/A | N111: =VLOOKUP(B111,'HP List'!A:H,8,0) -> #N/A | P111: =VLOOKUP(B111,'Q1'!A:B,2,0) -> #N/A | Q111: =IF(P111>5000,"Unpaid","Paid") -> #N/A | R111: =VLOOKUP(B111,'Q2'!A:B,2,0) -> #N/A | S111: =IF(R111>5000,"Unpaid","Paid") -> #N/A | T111: =VLOOKUP(B111,'Q3'!A:B,2,0) -> #N/A | U111: =IF(T111>5000,"Unpaid","Paid") -> #N/A | V111: =VLOOKUP(B111,'Q4'!A:B,2,0) -> 45615 | W111: =IF(V111>5000,"Unpaid","Paid") -> Unpaid | X111: =VLOOKUP(B111,Food!A:B,2,0) -> #N/A | Y111: =VLOOKUP(B111,'Call List'!A:A,1,0) -> A01656 | Z111: =VLOOKUP(B111,Sheet4!A:A,1,0) -> #N/A
A112: 111 | B112: A01540 | C112: Nursery | D112: C | E112: Mohammad Rayyan Humaid | F112: Mohammad Mohtesam | G112: mohd.mohtesam@gmail.com | H112: 7092807894 | I112: Nazma Ali | J112: nazmaali2010@gmail.com | K112: 8237305136 | L112: 2024-2025 | M112: =VLOOKUP(B112,'HP List'!A:G,7,0) -> #N/A | N112: =VLOOKUP(B112,'HP List'!A:H,8,0) -> #N/A | P112: =VLOOKUP(B112,'Q1'!A:B,2,0) -> #N/A | Q112: =IF(P112>5000,"Unpaid","Paid") -> #N/A | R112: =VLOOKUP(B112,'Q2'!A:B,2,0) -> #N/A | S112: =IF(R112>5000,"Unpaid","Paid") -> #N/A | T112: =VLOOKUP(B112,'Q3'!A:B,2,0) -> #N/A | U112: =IF(T112>5000,"Unpaid","Paid") -> #N/A | V112: =VLOOKUP(B112,'Q4'!A:B,2,0) -> #N/A | W112: =IF(V112>5000,"Unpaid","Paid") -> #N/A | X112: =VLOOKUP(B112,Food!A:B,2,0) -> #N/A | Y112: =VLOOKUP(B112,'Call List'!A:A,1,0) -> A01540 | Z112: =VLOOKUP(B112,Sheet4!A:A,1,0) -> #N/A
A113: 112 | B113: A01763 | C113: Nursery | D113: C | E113: Nehanshi Sahoo | F113: Suresh Kumar Sahoo | G113: suresh.ksahoo@yahoo.com | H113: 9324835868 | I113: Priyanka Priyadarshani | J113: suresh.ksahoo@yahoo.com | K113: 7008627037 | L113: 2025-2026 | M113: =VLOOKUP(B113,'HP List'!A:G,7,0) -> #N/A | N113: =VLOOKUP(B113,'HP List'!A:H,8,0) -> #N/A | P113: =VLOOKUP(B113,'Q1'!A:B,2,0) -> #N/A | Q113: =IF(P113>5000,"Unpaid","Paid") -> #N/A | R113: =VLOOKUP(B113,'Q2'!A:B,2,0) -> #N/A | S113: =IF(R113>5000,"Unpaid","Paid") -> #N/A | T113: =VLOOKUP(B113,'Q3'!A:B,2,0) -> #N/A | U113: =IF(T113>5000,"Unpaid","Paid") -> #N/A | V113: =VLOOKUP(B113,'Q4'!A:B,2,0) -> #N/A | W113: =IF(V113>5000,"Unpaid","Paid") -> #N/A | X113: =VLOOKUP(B113,Food!A:B,2,0) -> Yes | Y113: =VLOOKUP(B113,'Call List'!A:A,1,0) -> A01763 | Z113: =VLOOKUP(B113,Sheet4!A:A,1,0) -> #N/A
A114: 113 | B114: A01789 | C114: Nursery | D114: C | E114: NS Adwait Dhal | F114: Nishikanta Dhal | G114: dhalbapu1588@gmail.com | H114: 9681330762 | I114: Sasmita Routray | J114: dhalbapu1588@gmail.com | K114: 7019975848 | L114: 2025-2026 | M114: =VLOOKUP(B114,'HP List'!A:G,7,0) -> #N/A | N114: =VLOOKUP(B114,'HP List'!A:H,8,0) -> #N/A | P114: =VLOOKUP(B114,'Q1'!A:B,2,0) -> #N/A | Q114: =IF(P114>5000,"Unpaid","Paid") -> #N/A | R114: =VLOOKUP(B114,'Q2'!A:B,2,0) -> #N/A | S114: =IF(R114>5000,"Unpaid","Paid") -> #N/A | T114: =VLOOKUP(B114,'Q3'!A:B,2,0) -> #N/A | U114: =IF(T114>5000,"Unpaid","Paid") -> #N/A | V114: =VLOOKUP(B114,'Q4'!A:B,2,0) -> 29715 | W114: =IF(V114>5000,"Unpaid","Paid") -> Unpaid | X114: =VLOOKUP(B114,Food!A:B,2,0) -> #N/A | Y114: =VLOOKUP(B114,'Call List'!A:A,1,0) -> A01789 | Z114: =VLOOKUP(B114,Sheet4!A:A,1,0) -> #N/A
A115: 114 | B115: A01814 | C115: Nursery | D115: C | E115: Praneet Raut | F115: Pramod Raut | G115: bapijenabapi883@gmail.com | H115: 8342840377 | I115: Priyanka Jena | J115: bapijenabapi883@gmail.com | K115: 7377987880 | L115: 2025-2026 | M115: =VLOOKUP(B115,'HP List'!A:G,7,0) -> #N/A | N115: =VLOOKUP(B115,'HP List'!A:H,8,0) -> #N/A | P115: =VLOOKUP(B115,'Q1'!A:B,2,0) -> #N/A | Q115: =IF(P115>5000,"Unpaid","Paid") -> #N/A | R115: =VLOOKUP(B115,'Q2'!A:B,2,0) -> #N/A | S115: =IF(R115>5000,"Unpaid","Paid") -> #N/A | T115: =VLOOKUP(B115,'Q3'!A:B,2,0) -> 45878 | U115: =IF(T115>5000,"Unpaid","Paid") -> Unpaid | V115: =VLOOKUP(B115,'Q4'!A:B,2,0) -> 87757 | W115: =IF(V115>5000,"Unpaid","Paid") -> Unpaid | X115: =VLOOKUP(B115,Food!A:B,2,0) -> #N/A | Y115: =VLOOKUP(B115,'Call List'!A:A,1,0) -> A01814 | Z115: =VLOOKUP(B115,Sheet4!A:A,1,0) -> #N/A
A116: 115 | B116: A01432 | C116: Nursery | D116: C | E116: Prerit Sikaria | F116: Anish Sikaria | G116: sikaria_anish@yahoo.co.in | H116: 9234372371 | I116: Priyanka Agarwal | J116: priyanka.agrwl581@gmail.com | K116: 9937752179 | L116: 2024-2025 | M116: =VLOOKUP(B116,'HP List'!A:G,7,0) -> #N/A | N116: =VLOOKUP(B116,'HP List'!A:H,8,0) -> #N/A | P116: =VLOOKUP(B116,'Q1'!A:B,2,0) -> #N/A | Q116: =IF(P116>5000,"Unpaid","Paid") -> #N/A | R116: =VLOOKUP(B116,'Q2'!A:B,2,0) -> #N/A | S116: =IF(R116>5000,"Unpaid","Paid") -> #N/A | T116: =VLOOKUP(B116,'Q3'!A:B,2,0) -> #N/A | U116: =IF(T116>5000,"Unpaid","Paid") -> #N/A | V116: =VLOOKUP(B116,'Q4'!A:B,2,0) -> #N/A | W116: =IF(V116>5000,"Unpaid","Paid") -> #N/A | X116: =VLOOKUP(B116,Food!A:B,2,0) -> Yes | Y116: =VLOOKUP(B116,'Call List'!A:A,1,0) -> A01432 | Z116: =VLOOKUP(B116,Sheet4!A:A,1,0) -> #N/A
A117: 116 | B117: A01639 | C117: Nursery | D117: C | E117: Riddhi Siddharth | F117: Siddharth Ravi | G117: siddharth.rav@gmail.com | H117: 9945190016 | I117: Soumya Sasi | J117: niki.sasi8888@gmail.com | K117: 9692153131 | L117: 2024-2025 | M117: =VLOOKUP(B117,'HP List'!A:G,7,0) -> #N/A | N117: =VLOOKUP(B117,'HP List'!A:H,8,0) -> #N/A | P117: =VLOOKUP(B117,'Q1'!A:B,2,0) -> #N/A | Q117: =IF(P117>5000,"Unpaid","Paid") -> #N/A | R117: =VLOOKUP(B117,'Q2'!A:B,2,0) -> #N/A | S117: =IF(R117>5000,"Unpaid","Paid") -> #N/A | T117: =VLOOKUP(B117,'Q3'!A:B,2,0) -> #N/A | U117: =IF(T117>5000,"Unpaid","Paid") -> #N/A | V117: =VLOOKUP(B117,'Q4'!A:B,2,0) -> #N/A | W117: =IF(V117>5000,"Unpaid","Paid") -> #N/A | X117: =VLOOKUP(B117,Food!A:B,2,0) -> Yes | Y117: =VLOOKUP(B117,'Call List'!A:A,1,0) -> A01639 | Z117: =VLOOKUP(B117,Sheet4!A:A,1,0) -> #N/A
A118: 117 | B118: A01637 | C118: Nursery | D118: C | E118: Rishan Chakraborty | F118: Ramen Kumar Chakraborty | G118: romichkrbrt@gmail.com | H118: 8260500911 | I118: Manisha Sen | J118: senmanisha91@gmail.com | K118: 9051115041 | L118: 2025-2026 | M118: =VLOOKUP(B118,'HP List'!A:G,7,0) -> #N/A | N118: =VLOOKUP(B118,'HP List'!A:H,8,0) -> #N/A | P118: =VLOOKUP(B118,'Q1'!A:B,2,0) -> #N/A | Q118: =IF(P118>5000,"Unpaid","Paid") -> #N/A | R118: =VLOOKUP(B118,'Q2'!A:B,2,0) -> #N/A | S118: =IF(R118>5000,"Unpaid","Paid") -> #N/A | T118: =VLOOKUP(B118,'Q3'!A:B,2,0) -> #N/A | U118: =IF(T118>5000,"Unpaid","Paid") -> #N/A | V118: =VLOOKUP(B118,'Q4'!A:B,2,0) -> #N/A | W118: =IF(V118>5000,"Unpaid","Paid") -> #N/A | X118: =VLOOKUP(B118,Food!A:B,2,0) -> #N/A | Y118: =VLOOKUP(B118,'Call List'!A:A,1,0) -> A01637 | Z118: =VLOOKUP(B118,Sheet4!A:A,1,0) -> #N/A
A119: 118 | B119: A01802 | C119: Nursery | D119: C | E119: SATVIK ROUT | F119: SAUMYA RANJAN ROUT | G119: ssdrsony2@gmail.com | H119: 9853963652 | I119: SOUMYA SUCHARITA | J119: ssdrsony2@gmail.com | K119: 9861670922 | L119: 2025-2026 | M119: =VLOOKUP(B119,'HP List'!A:G,7,0) -> #N/A | N119: =VLOOKUP(B119,'HP List'!A:H,8,0) -> #N/A | P119: =VLOOKUP(B119,'Q1'!A:B,2,0) -> #N/A | Q119: =IF(P119>5000,"Unpaid","Paid") -> #N/A | R119: =VLOOKUP(B119,'Q2'!A:B,2,0) -> #N/A | S119: =IF(R119>5000,"Unpaid","Paid") -> #N/A | T119: =VLOOKUP(B119,'Q3'!A:B,2,0) -> #N/A | U119: =IF(T119>5000,"Unpaid","Paid") -> #N/A | V119: =VLOOKUP(B119,'Q4'!A:B,2,0) -> #N/A | W119: =IF(V119>5000,"Unpaid","Paid") -> #N/A | X119: =VLOOKUP(B119,Food!A:B,2,0) -> #N/A | Y119: =VLOOKUP(B119,'Call List'!A:A,1,0) -> A01802 | Z119: =VLOOKUP(B119,Sheet4!A:A,1,0) -> #N/A
... A279: 278 | B279: A01435 | C279: KG II | D279: B | E279: Reezy Rashmi Ray | F279: Rashmi Ranjan Rout | G279: rashmirout2012@gmail.com | H279: 9658276650 | I279: Rajanigandha Swain | J279: rashmirout2012@gmail.com | K279: 9658233319 | L279: 2024-2025 | M279: =VLOOKUP(B279,'HP List'!A:G,7,0) -> #N/A | N279: =VLOOKUP(B279,'HP List'!A:H,8,0) -> #N/A | P279: =VLOOKUP(B279,'Q1'!A:B,2,0) -> #N/A | Q279: =IF(P279>5000,"Unpaid","Paid") -> #N/A | R279: =VLOOKUP(B279,'Q2'!A:B,2,0) -> #N/A | S279: =IF(R279>5000,"Unpaid","Paid") -> #N/A | T279: =VLOOKUP(B279,'Q3'!A:B,2,0) -> #N/A | U279: =IF(T279>5000,"Unpaid","Paid") -> #N/A | V279: =VLOOKUP(B279,'Q4'!A:B,2,0) -> 40410 | W279: =IF(V279>5000,"Unpaid","Paid") -> Unpaid | X279: =VLOOKUP(B279,Food!A:B,2,0) -> Yes | Y279: =VLOOKUP(B279,'Call List'!A:A,1,0) -> A01435 | Z279: =VLOOKUP(B279,Sheet4!A:A,1,0) -> #N/A
A280: 279 | B280: A01677 | C280: KG II | D280: B | E280: Riyansh Raj | F280: Rashmi Ranjan Sahoo | H280: 9348365696 | I280: Sujata Pradhan | J280: sujats1992@gmail.com | K280: 9348365696 | L280: 2025-2026 | M280: =VLOOKUP(B280,'HP List'!A:G,7,0) -> #N/A | N280: =VLOOKUP(B280,'HP List'!A:H,8,0) -> #N/A | P280: =VLOOKUP(B280,'Q1'!A:B,2,0) -> #N/A | Q280: =IF(P280>5000,"Unpaid","Paid") -> #N/A | R280: =VLOOKUP(B280,'Q2'!A:B,2,0) -> #N/A | S280: =IF(R280>5000,"Unpaid","Paid") -> #N/A | T280: =VLOOKUP(B280,'Q3'!A:B,2,0) -> #N/A | U280: =IF(T280>5000,"Unpaid","Paid") -> #N/A | V280: =VLOOKUP(B280,'Q4'!A:B,2,0) -> 54060 | W280: =IF(V280>5000,"Unpaid","Paid") -> Unpaid | X280: =VLOOKUP(B280,Food!A:B,2,0) -> Yes | Y280: =VLOOKUP(B280,'Call List'!A:A,1,0) -> A01677 | Z280: =VLOOKUP(B280,Sheet4!A:A,1,0) -> #N/A
A281: 280 | B281: A01259 | C281: KG II | D281: B | E281: Shivansh Mohanayak | F281: Rupak kumar Mohanayak | G281: rmohanayak@gmail.com | H281: 9776838777 | I281: Ashapriya Sasmal | J281: rmohanayak@gmail.com | K281: 8763044710 | L281: 2022-2023 | M281: =VLOOKUP(B281,'HP List'!A:G,7,0) -> #N/A | N281: =VLOOKUP(B281,'HP List'!A:H,8,0) -> #N/A | P281: =VLOOKUP(B281,'Q1'!A:B,2,0) -> #N/A | Q281: =IF(P281>5000,"Unpaid","Paid") -> #N/A | R281: =VLOOKUP(B281,'Q2'!A:B,2,0) -> #N/A | S281: =IF(R281>5000,"Unpaid","Paid") -> #N/A | T281: =VLOOKUP(B281,'Q3'!A:B,2,0) -> #N/A | U281: =IF(T281>5000,"Unpaid","Paid") -> #N/A | V281: =VLOOKUP(B281,'Q4'!A:B,2,0) -> 40410 | W281: =IF(V281>5000,"Unpaid","Paid") -> Unpaid | X281: =VLOOKUP(B281,Food!A:B,2,0) -> Yes | Y281: =VLOOKUP(B281,'Call List'!A:A,1,0) -> A01259 | Z281: =VLOOKUP(B281,Sheet4!A:A,1,0) -> #N/A
A282: 281 | B282: A01253 | C282: KG II | D282: B | E282: SOUVIK ROUT | F282: SAUMYA RANJAN ROUT | G282: saumyarout1987@gmail.com | H282: 9853963652 | I282: SOUMYA SUCHARITA | J282: ssdrsony2@gmail.com | K282: 9861670992 | L282: 2022-2023 | M282: =VLOOKUP(B282,'HP List'!A:G,7,0) -> #N/A | N282: =VLOOKUP(B282,'HP List'!A:H,8,0) -> #N/A | P282: =VLOOKUP(B282,'Q1'!A:B,2,0) -> #N/A | Q282: =IF(P282>5000,"Unpaid","Paid") -> #N/A | R282: =VLOOKUP(B282,'Q2'!A:B,2,0) -> #N/A | S282: =IF(R282>5000,"Unpaid","Paid") -> #N/A | T282: =VLOOKUP(B282,'Q3'!A:B,2,0) -> #N/A | U282: =IF(T282>5000,"Unpaid","Paid") -> #N/A | V282: =VLOOKUP(B282,'Q4'!A:B,2,0) -> #N/A | W282: =IF(V282>5000,"Unpaid","Paid") -> #N/A | X282: =VLOOKUP(B282,Food!A:B,2,0) -> #N/A | Y282: =VLOOKUP(B282,'Call List'!A:A,1,0) -> A01253 | Z282: =VLOOKUP(B282,Sheet4!A:A,1,0) -> #N/A
A283: 282 | B283: A01299 | C283: KG II | D283: B | E283: Yash Bhawsinka | F283: Ankit Bhawsinka | G283: ankit_bhawsinka@live.in | H283: 9861430301 | I283: Meghna Bhawsinka | J283: meghnabhawsinka@gmail.com | K283: 9861869915 | L283: 2023-2024 | M283: =VLOOKUP(B283,'HP List'!A:G,7,0) -> #N/A | N283: =VLOOKUP(B283,'HP List'!A:H,8,0) -> #N/A | P283: =VLOOKUP(B283,'Q1'!A:B,2,0) -> #N/A | Q283: =IF(P283>5000,"Unpaid","Paid") -> #N/A | R283: =VLOOKUP(B283,'Q2'!A:B,2,0) -> #N/A | S283: =IF(R283>5000,"Unpaid","Paid") -> #N/A | T283: =VLOOKUP(B283,'Q3'!A:B,2,0) -> #N/A | U283: =IF(T283>5000,"Unpaid","Paid") -> #N/A | V283: =VLOOKUP(B283,'Q4'!A:B,2,0) -> 51360 | W283: =IF(V283>5000,"Unpaid","Paid") -> Unpaid | X283: =VLOOKUP(B283,Food!A:B,2,0) -> Yes | Y283: =VLOOKUP(B283,'Call List'!A:A,1,0) -> A01299 | Z283: =VLOOKUP(B283,Sheet4!A:A,1,0) -> #N/A
A284: 283 | B284: A01645 | C284: KG II | D284: C | E284: Aakriti Akankshya Sha | F284: Subhajyoti Sha | G284: subhayoti@gmail.com | H284: 9437549397 | I284: Ipsita Dash | J284: ipsitadash027@gmail.com | K284: 9437144822 | L284: 2025-2026 | M284: =VLOOKUP(B284,'HP List'!A:G,7,0) -> #N/A | N284: =VLOOKUP(B284,'HP List'!A:H,8,0) -> #N/A | P284: =VLOOKUP(B284,'Q1'!A:B,2,0) -> #N/A | Q284: =IF(P284>5000,"Unpaid","Paid") -> #N/A | R284: =VLOOKUP(B284,'Q2'!A:B,2,0) -> #N/A | S284: =IF(R284>5000,"Unpaid","Paid") -> #N/A | T284: =VLOOKUP(B284,'Q3'!A:B,2,0) -> #N/A | U284: =IF(T284>5000,"Unpaid","Paid") -> #N/A | V284: =VLOOKUP(B284,'Q4'!A:B,2,0) -> 47760 | W284: =IF(V284>5000,"Unpaid","Paid") -> Unpaid | X284: =VLOOKUP(B284,Food!A:B,2,0) -> #N/A | Y284: =VLOOKUP(B284,'Call List'!A:A,1,0) -> A01645 | Z284: =VLOOKUP(B284,Sheet4!A:A,1,0) -> #N/A
A285: 284 | B285: A01402 | C285: KG II | D285: C | E285: Advaya Kumar | F285: Sandeep Kumar | G285: sahur@indianoil.in | H285: 8587884899 | I285: Ritika Sahu | J285: sahur@indianoil.in | K285: 8587884899 | L285: 2023-2024 | M285: =VLOOKUP(B285,'HP List'!A:G,7,0) -> #N/A | N285: =VLOOKUP(B285,'HP List'!A:H,8,0) -> #N/A | P285: =VLOOKUP(B285,'Q1'!A:B,2,0) -> #N/A | Q285: =IF(P285>5000,"Unpaid","Paid") -> #N/A | R285: =VLOOKUP(B285,'Q2'!A:B,2,0) -> #N/A | S285: =IF(R285>5000,"Unpaid","Paid") -> #N/A | T285: =VLOOKUP(B285,'Q3'!A:B,2,0) -> #N/A | U285: =IF(T285>5000,"Unpaid","Paid") -> #N/A | V285: =VLOOKUP(B285,'Q4'!A:B,2,0) -> #N/A | W285: =IF(V285>5000,"Unpaid","Paid") -> #N/A | X285: =VLOOKUP(B285,Food!A:B,2,0) -> Yes | Y285: =VLOOKUP(B285,'Call List'!A:A,1,0) -> A01402 | Z285: =VLOOKUP(B285,Sheet4!A:A,1,0) -> #N/A
A286: 285 | B286: A01714 | C286: KG II | D286: C | E286: Advik Khandelwal | F286: Aman Khandelwal | G286: amankhandelwal91@gmail.com | H286: 9090776614 | I286: Shristi Khandelwal | J286: shristikhandelwal92@gmail.com | K286: 9572543642 | L286: 2025-2026 | M286: =VLOOKUP(B286,'HP List'!A:G,7,0) -> #N/A | N286: =VLOOKUP(B286,'HP List'!A:H,8,0) -> #N/A | P286: =VLOOKUP(B286,'Q1'!A:B,2,0) -> #N/A | Q286: =IF(P286>5000,"Unpaid","Paid") -> #N/A | R286: =VLOOKUP(B286,'Q2'!A:B,2,0) -> #N/A | S286: =IF(R286>5000,"Unpaid","Paid") -> #N/A | T286: =VLOOKUP(B286,'Q3'!A:B,2,0) -> #N/A | U286: =IF(T286>5000,"Unpaid","Paid") -> #N/A | V286: =VLOOKUP(B286,'Q4'!A:B,2,0) -> 40410 | W286: =IF(V286>5000,"Unpaid","Paid") -> Unpaid | X286: =VLOOKUP(B286,Food!A:B,2,0) -> Yes | Y286: =VLOOKUP(B286,'Call List'!A:A,1,0) -> A01714 | Z286: =VLOOKUP(B286,Sheet4!A:A,1,0) -> #N/A
A287: 286 | B287: A01792 | C287: KG II | D287: C | E287: Atharv Sharma | F287: Chandan Kumar | G287: k.chandan682@icloud.com | H287: 9689607620 | I287: Sapna Bharti | J287: sapnabharti36@gmail.com | K287: 9156612400 | L287: 2025-2026 | M287: =VLOOKUP(B287,'HP List'!A:G,7,0) -> #N/A | N287: =VLOOKUP(B287,'HP List'!A:H,8,0) -> #N/A | P287: =VLOOKUP(B287,'Q1'!A:B,2,0) -> #N/A | Q287: =IF(P287>5000,"Unpaid","Paid") -> #N/A | R287: =VLOOKUP(B287,'Q2'!A:B,2,0) -> #N/A | S287: =IF(R287>5000,"Unpaid","Paid") -> #N/A | T287: =VLOOKUP(B287,'Q3'!A:B,2,0) -> #N/A | U287: =IF(T287>5000,"Unpaid","Paid") -> #N/A | V287: =VLOOKUP(B287,'Q4'!A:B,2,0) -> 32403 | W287: =IF(V287>5000,"Unpaid","Paid") -> Unpaid | X287: =VLOOKUP(B287,Food!A:B,2,0) -> Yes | Y287: =VLOOKUP(B287,'Call List'!A:A,1,0) -> A01792 | Z287: =VLOOKUP(B287,Sheet4!A:A,1,0) -> #N/A
A288: 287 | B288: A01184 | C288: KG II | D288: C | E288: AWAAHAN MOHAPATRA | F288: AJAY KUMAR MOHAPATRA | G288: ajay.1515@gmail.com | H288: 9437032515 | I288: RASMITA KUMARI SAHU | J288: rasmita.mita@gmail.com | K288: 9439325568 | L288: 2022-2023 | M288: =VLOOKUP(B288,'HP List'!A:G,7,0) -> #N/A | N288: =VLOOKUP(B288,'HP List'!A:H,8,0) -> #N/A | P288: =VLOOKUP(B288,'Q1'!A:B,2,0) -> #N/A | Q288: =IF(P288>5000,"Unpaid","Paid") -> #N/A | R288: =VLOOKUP(B288,'Q2'!A:B,2,0) -> #N/A | S288: =IF(R288>5000,"Unpaid","Paid") -> #N/A | T288: =VLOOKUP(B288,'Q3'!A:B,2,0) -> #N/A | U288: =IF(T288>5000,"Unpaid","Paid") -> #N/A | V288: =VLOOKUP(B288,'Q4'!A:B,2,0) -> 52260 | W288: =IF(V288>5000,"Unpaid","Paid") -> Unpaid | X288: =VLOOKUP(B288,Food!A:B,2,0) -> Yes | Y288: =VLOOKUP(B288,'Call List'!A:A,1,0) -> A01184 | Z288: =VLOOKUP(B288,Sheet4!A:A,1,0) -> #N/A
A289: 288 | B289: A01545 | C289: KG II | D289: C | E289: Bhumanya Das | F289: Mrutyunjay Das | G289: dr.das.mrutyunjay@gmail.com | H289: 7978020842 | I289: Ipsa Priyadarshinee | J289: ipsasweet7@gmail.com | K289: 7008087227 | L289: 2024-2025 | M289: =VLOOKUP(B289,'HP List'!A:G,7,0) -> #N/A | N289: =VLOOKUP(B289,'HP List'!A:H,8,0) -> #N/A | P289: =VLOOKUP(B289,'Q1'!A:B,2,0) -> #N/A | Q289: =IF(P289>5000,"Unpaid","Paid") -> #N/A | R289: =VLOOKUP(B289,'Q2'!A:B,2,0) -> #N/A | S289: =IF(R289>5000,"Unpaid","Paid") -> #N/A | T289: =VLOOKUP(B289,'Q3'!A:B,2,0) -> #N/A | U289: =IF(T289>5000,"Unpaid","Paid") -> #N/A | V289: =VLOOKUP(B289,'Q4'!A:B,2,0) -> #N/A | W289: =IF(V289>5000,"Unpaid","Paid") -> #N/A | X289: =VLOOKUP(B289,Food!A:B,2,0) -> Yes | Y289: =VLOOKUP(B289,'Call List'!A:A,1,0) -> A01545 | Z289: =VLOOKUP(B289,Sheet4!A:A,1,0) -> #N/A
A290: 289 | B290: A01315 | C290: KG II | D290: C | E290: Jagvi Jaideep | F290: Jaideep Tripathy | G290: jaideeptripathy@gmail.com | H290: 8328840464 | I290: Samapika Nanda | J290: jaideeptripathy@gmail.com | K290: 9090908200 | L290: 2023-2024 | M290: =VLOOKUP(B290,'HP List'!A:G,7,0) -> #N/A | N290: =VLOOKUP(B290,'HP List'!A:H,8,0) -> #N/A | P290: =VLOOKUP(B290,'Q1'!A:B,2,0) -> 3000 | Q290: =IF(P290>5000,"Unpaid","Paid") -> Paid | R290: =VLOOKUP(B290,'Q2'!A:B,2,0) -> 3000 | S290: =IF(R290>5000,"Unpaid","Paid") -> Paid | T290: =VLOOKUP(B290,'Q3'!A:B,2,0) -> #N/A | U290: =IF(T290>5000,"Unpaid","Paid") -> #N/A | V290: =VLOOKUP(B290,'Q4'!A:B,2,0) -> 54060 | W290: =IF(V290>5000,"Unpaid","Paid") -> Unpaid | X290: =VLOOKUP(B290,Food!A:B,2,0) -> Yes | Y290: =VLOOKUP(B290,'Call List'!A:A,1,0) -> A01315 | Z290: =VLOOKUP(B290,Sheet4!A:A,1,0) -> #N/A
A291: 290 | B291: A01770 | C291: KG II | D291: C | E291: MARYAM FATIMA | F291: MOHAMMED MUHTASHIM RABBANI | G291: mm.rabbani@coalindia.in | H291: 8093075864 | I291: TARANNUM | J291: taanwar@microsoft.com | K291: 8008131323 | L291: 2025-2026 | M291: =VLOOKUP(B291,'HP List'!A:G,7,0) -> #N/A | N291: =VLOOKUP(B291,'HP List'!A:H,8,0) -> #N/A | P291: =VLOOKUP(B291,'Q1'!A:B,2,0) -> #N/A | Q291: =IF(P291>5000,"Unpaid","Paid") -> #N/A | R291: =VLOOKUP(B291,'Q2'!A:B,2,0) -> #N/A | S291: =IF(R291>5000,"Unpaid","Paid") -> #N/A | T291: =VLOOKUP(B291,'Q3'!A:B,2,0) -> #N/A | U291: =IF(T291>5000,"Unpaid","Paid") -> #N/A | V291: =VLOOKUP(B291,'Q4'!A:B,2,0) -> 32403 | W291: =IF(V291>5000,"Unpaid","Paid") -> Unpaid | X291: =VLOOKUP(B291,Food!A:B,2,0) -> #N/A | Y291: =VLOOKUP(B291,'Call List'!A:A,1,0) -> A01770 | Z291: =VLOOKUP(B291,Sheet4!A:A,1,0) -> #N/A
A292: 291 | B292: A01668 | C292: KG II | D292: C | E292: Mayra Gulati | F292: Prince Gulati | G292: poorvi272@gmail.com | H292: 9861622814 | I292: Poorvi Narula | J292: poorvi272@gmail.com | K292: 9777140926 | L292: 2025-2026 | M292: =VLOOKUP(B292,'HP List'!A:G,7,0) -> #N/A | N292: =VLOOKUP(B292,'HP List'!A:H,8,0) -> #N/A | P292: =VLOOKUP(B292,'Q1'!A:B,2,0) -> #N/A | Q292: =IF(P292>5000,"Unpaid","Paid") -> #N/A | R292: =VLOOKUP(B292,'Q2'!A:B,2,0) -> #N/A | S292: =IF(R292>5000,"Unpaid","Paid") -> #N/A | T292: =VLOOKUP(B292,'Q3'!A:B,2,0) -> #N/A | U292: =IF(T292>5000,"Unpaid","Paid") -> #N/A | V292: =VLOOKUP(B292,'Q4'!A:B,2,0) -> #N/A | W292: =IF(V292>5000,"Unpaid","Paid") -> #N/A | X292: =VLOOKUP(B292,Food!A:B,2,0) -> Yes | Y292: =VLOOKUP(B292,'Call List'!A:A,1,0) -> A01668 | Z292: =VLOOKUP(B292,Sheet4!A:A,1,0) -> #N/A
... A420: 419 | B420: A01723 | C420: KG II | D420: I | E420: VIVAAN PATTANAIK | F420: BARADA PRASANNA PATTANAIK | G420: pattanaik.barada@gmail.com | H420: 9901477448 | I420: ROJALINI SWAIN | J420: pattanaik.barada@gmail.com | K420: 7795831156 | L420: 2025-2026 | M420: =VLOOKUP(B420,'HP List'!A:G,7,0) -> #N/A | N420: =VLOOKUP(B420,'HP List'!A:H,8,0) -> #N/A | P420: =VLOOKUP(B420,'Q1'!A:B,2,0) -> #N/A | Q420: =IF(P420>5000,"Unpaid","Paid") -> #N/A | R420: =VLOOKUP(B420,'Q2'!A:B,2,0) -> #N/A | S420: =IF(R420>5000,"Unpaid","Paid") -> #N/A | T420: =VLOOKUP(B420,'Q3'!A:B,2,0) -> #N/A | U420: =IF(T420>5000,"Unpaid","Paid") -> #N/A | V420: =VLOOKUP(B420,'Q4'!A:B,2,0) -> 54060 | W420: =IF(V420>5000,"Unpaid","Paid") -> Unpaid | X420: =VLOOKUP(B420,Food!A:B,2,0) -> Yes | Y420: =VLOOKUP(B420,'Call List'!A:A,1,0) -> A01723 | Z420: =VLOOKUP(B420,Sheet4!A:A,1,0) -> #N/A
A421: 420 | B421: 14386 | C421: I | D421: A | E421: Aahana Choudhury | F421: PRITIRANJAN CHOUDHURY | G421: pritiranjan.choudhury@gmail.com | H421: 8800626860 | I421: MONALISA BARAL | J421: Mona.twinkle94@gmail.com | K421: 7978355939 | L421: 2021-2022 | M421: =VLOOKUP(B421,'HP List'!A:G,7,0) -> #N/A | N421: =VLOOKUP(B421,'HP List'!A:H,8,0) -> #N/A | P421: =VLOOKUP(B421,'Q1'!A:B,2,0) -> #N/A | Q421: =IF(P421>5000,"Unpaid","Paid") -> #N/A | R421: =VLOOKUP(B421,'Q2'!A:B,2,0) -> #N/A | S421: =IF(R421>5000,"Unpaid","Paid") -> #N/A | T421: =VLOOKUP(B421,'Q3'!A:B,2,0) -> #N/A | U421: =IF(T421>5000,"Unpaid","Paid") -> #N/A | V421: =VLOOKUP(B421,'Q4'!A:B,2,0) -> 45600 | W421: =IF(V421>5000,"Unpaid","Paid") -> Unpaid | X421: =VLOOKUP(B421,Food!A:B,2,0) -> Yes | Y421: =VLOOKUP(B421,'Call List'!A:A,1,0) -> 14386 | Z421: =VLOOKUP(B421,Sheet4!A:A,1,0) -> #N/A
A422: 421 | B422: 14507 | C422: I | D422: A | E422: Aanay Tripathy | F422: Swetaparna Tripathy | G422: bapuni.tripathy@gmail.com | H422: 8280832832 | I422: Sonali Panda | J422: sonaliaanay@gmail.com | K422: 7008045599 | L422: 2023-2024 | M422: =VLOOKUP(B422,'HP List'!A:G,7,0) -> #N/A | N422: =VLOOKUP(B422,'HP List'!A:H,8,0) -> #N/A | P422: =VLOOKUP(B422,'Q1'!A:B,2,0) -> #N/A | Q422: =IF(P422>5000,"Unpaid","Paid") -> #N/A | R422: =VLOOKUP(B422,'Q2'!A:B,2,0) -> #N/A | S422: =IF(R422>5000,"Unpaid","Paid") -> #N/A | T422: =VLOOKUP(B422,'Q3'!A:B,2,0) -> #N/A | U422: =IF(T422>5000,"Unpaid","Paid") -> #N/A | V422: =VLOOKUP(B422,'Q4'!A:B,2,0) -> #N/A | W422: =IF(V422>5000,"Unpaid","Paid") -> #N/A | X422: =VLOOKUP(B422,Food!A:B,2,0) -> Yes | Y422: =VLOOKUP(B422,'Call List'!A:A,1,0) -> 14507 | Z422: =VLOOKUP(B422,Sheet4!A:A,1,0) -> #N/A
A423: 422 | B423: 14257 | C423: I | D423: A | E423: Aanshika Sahoo | F423: Abinash Sahoo | G423: emailabinash@gmaiil.com | H423: 9437922155 | I423: Shilpa Mishra | J423: abhishilpa29@gmail.com | K423: 9437922155 | L423: 2025-2026 | M423: =VLOOKUP(B423,'HP List'!A:G,7,0) -> #N/A | N423: =VLOOKUP(B423,'HP List'!A:H,8,0) -> #N/A | P423: =VLOOKUP(B423,'Q1'!A:B,2,0) -> #N/A | Q423: =IF(P423>5000,"Unpaid","Paid") -> #N/A | R423: =VLOOKUP(B423,'Q2'!A:B,2,0) -> #N/A | S423: =IF(R423>5000,"Unpaid","Paid") -> #N/A | T423: =VLOOKUP(B423,'Q3'!A:B,2,0) -> #N/A | U423: =IF(T423>5000,"Unpaid","Paid") -> #N/A | V423: =VLOOKUP(B423,'Q4'!A:B,2,0) -> #N/A | W423: =IF(V423>5000,"Unpaid","Paid") -> #N/A | X423: =VLOOKUP(B423,Food!A:B,2,0) -> Yes | Y423: =VLOOKUP(B423,'Call List'!A:A,1,0) -> 14257 | Z423: =VLOOKUP(B423,Sheet4!A:A,1,0) -> #N/A
A424: 423 | B424: 14684 | C424: I | D424: A | E424: Aarav Panda | F424: Ratikant Panda | G424: ratikant.panda@gmail.com | H424: 8658292121 | I424: Sucharita Kumari Panda | J424: sucharita.panda21@gmail.com | K424: 9819496261 | L424: 2025-2026 | M424: =VLOOKUP(B424,'HP List'!A:G,7,0) -> #N/A | N424: =VLOOKUP(B424,'HP List'!A:H,8,0) -> #N/A | P424: =VLOOKUP(B424,'Q1'!A:B,2,0) -> #N/A | Q424: =IF(P424>5000,"Unpaid","Paid") -> #N/A | R424: =VLOOKUP(B424,'Q2'!A:B,2,0) -> #N/A | S424: =IF(R424>5000,"Unpaid","Paid") -> #N/A | T424: =VLOOKUP(B424,'Q3'!A:B,2,0) -> #N/A | U424: =IF(T424>5000,"Unpaid","Paid") -> #N/A | V424: =VLOOKUP(B424,'Q4'!A:B,2,0) -> 54622 | W424: =IF(V424>5000,"Unpaid","Paid") -> Unpaid | X424: =VLOOKUP(B424,Food!A:B,2,0) -> Yes | Y424: =VLOOKUP(B424,'Call List'!A:A,1,0) -> 14684 | Z424: =VLOOKUP(B424,Sheet4!A:A,1,0) -> #N/A
A425: 424 | B425: 14347 | C425: I | D425: A | E425: Aarvi Swain | F425: Srikant Swain | G425: srikantcoo15@gmail.com | H425: 7003401184 | I425: Itishree Mohanty | J425: itishree505@gmail.com | K425: 7978956178 | L425: 2023-2024 | M425: =VLOOKUP(B425,'HP List'!A:G,7,0) -> #N/A | N425: =VLOOKUP(B425,'HP List'!A:H,8,0) -> #N/A | P425: =VLOOKUP(B425,'Q1'!A:B,2,0) -> #N/A | Q425: =IF(P425>5000,"Unpaid","Paid") -> #N/A | R425: =VLOOKUP(B425,'Q2'!A:B,2,0) -> #N/A | S425: =IF(R425>5000,"Unpaid","Paid") -> #N/A | T425: =VLOOKUP(B425,'Q3'!A:B,2,0) -> #N/A | U425: =IF(T425>5000,"Unpaid","Paid") -> #N/A | V425: =VLOOKUP(B425,'Q4'!A:B,2,0) -> 45600 | W425: =IF(V425>5000,"Unpaid","Paid") -> Unpaid | X425: =VLOOKUP(B425,Food!A:B,2,0) -> Yes | Y425: =VLOOKUP(B425,'Call List'!A:A,1,0) -> 14347 | Z425: =VLOOKUP(B425,Sheet4!A:A,1,0) -> #N/A
A426: 425 | B426: 14387 | C426: I | D426: A | E426: Aayansh Parida | F426: Jitendra Parida | G426: jituparida2015@gmai.com | H426: 7606947672 | I426: Sagarika Patra | J426: jituparida2015@gmai.com | K426: 7606947672 | L426: 2024-2025 | M426: =VLOOKUP(B426,'HP List'!A:G,7,0) -> #N/A | N426: =VLOOKUP(B426,'HP List'!A:H,8,0) -> #N/A | P426: =VLOOKUP(B426,'Q1'!A:B,2,0) -> #N/A | Q426: =IF(P426>5000,"Unpaid","Paid") -> #N/A | R426: =VLOOKUP(B426,'Q2'!A:B,2,0) -> #N/A | S426: =IF(R426>5000,"Unpaid","Paid") -> #N/A | T426: =VLOOKUP(B426,'Q3'!A:B,2,0) -> #N/A | U426: =IF(T426>5000,"Unpaid","Paid") -> #N/A | V426: =VLOOKUP(B426,'Q4'!A:B,2,0) -> 45600 | W426: =IF(V426>5000,"Unpaid","Paid") -> Unpaid | X426: =VLOOKUP(B426,Food!A:B,2,0) -> Yes | Y426: =VLOOKUP(B426,'Call List'!A:A,1,0) -> 14387 | Z426: =VLOOKUP(B426,Sheet4!A:A,1,0) -> #N/A
A427: 426 | B427: 14479 | C427: I | D427: A | E427: ADVAY SINGH | F427: ABHISHEK KUMAR SINGH | G427: abhishekksingh.24@gmail.com | H427: 7978998645 | I427: BISHNU PRIYA DASH | J427: muskan.tinky123@gmail.com | K427: 9439123700 | L427: 2022-2023 | M427: =VLOOKUP(B427,'HP List'!A:G,7,0) -> #N/A | N427: =VLOOKUP(B427,'HP List'!A:H,8,0) -> #N/A | P427: =VLOOKUP(B427,'Q1'!A:B,2,0) -> #N/A | Q427: =IF(P427>5000,"Unpaid","Paid") -> #N/A | R427: =VLOOKUP(B427,'Q2'!A:B,2,0) -> #N/A | S427: =IF(R427>5000,"Unpaid","Paid") -> #N/A | T427: =VLOOKUP(B427,'Q3'!A:B,2,0) -> #N/A | U427: =IF(T427>5000,"Unpaid","Paid") -> #N/A | V427: =VLOOKUP(B427,'Q4'!A:B,2,0) -> #N/A | W427: =IF(V427>5000,"Unpaid","Paid") -> #N/A | X427: =VLOOKUP(B427,Food!A:B,2,0) -> #N/A | Y427: =VLOOKUP(B427,'Call List'!A:A,1,0) -> 14479 | Z427: =VLOOKUP(B427,Sheet4!A:A,1,0) -> #N/A
A428: 427 | B428: 14404 | C428: I | D428: A | E428: ANVIT PATTNAIK | F428: MANAB PATTNAIK | G428: manab.pattnaik@gmail.com | H428: 8895616792 | I428: BISWA PRABHA PATTNAIK | J428: pattnaikbiswapravha@gmail.com | K428: 8280330475 | L428: 2022-2023 | M428: =VLOOKUP(B428,'HP List'!A:G,7,0) -> #N/A | N428: =VLOOKUP(B428,'HP List'!A:H,8,0) -> #N/A | P428: =VLOOKUP(B428,'Q1'!A:B,2,0) -> #N/A | Q428: =IF(P428>5000,"Unpaid","Paid") -> #N/A | R428: =VLOOKUP(B428,'Q2'!A:B,2,0) -> #N/A | S428: =IF(R428>5000,"Unpaid","Paid") -> #N/A | T428: =VLOOKUP(B428,'Q3'!A:B,2,0) -> #N/A | U428: =IF(T428>5000,"Unpaid","Paid") -> #N/A | V428: =VLOOKUP(B428,'Q4'!A:B,2,0) -> #N/A | W428: =IF(V428>5000,"Unpaid","Paid") -> #N/A | X428: =VLOOKUP(B428,Food!A:B,2,0) -> Yes | Y428: =VLOOKUP(B428,'Call List'!A:A,1,0) -> 14404 | Z428: =VLOOKUP(B428,Sheet4!A:A,1,0) -> #N/A
A429: 428 | B429: 14441 | C429: I | D429: A | E429: Aveer Khattoi | F429: Ruturaj Khattoi | G429: rajkhattoi@gmail.com | H429: 9938675661 | I429: Sucheta Mohanty | J429: suchetamk84@gmail.com | K429: 9938675558 | L429: 2022-2023 | M429: =VLOOKUP(B429,'HP List'!A:G,7,0) -> #N/A | N429: =VLOOKUP(B429,'HP List'!A:H,8,0) -> #N/A | P429: =VLOOKUP(B429,'Q1'!A:B,2,0) -> #N/A | Q429: =IF(P429>5000,"Unpaid","Paid") -> #N/A | R429: =VLOOKUP(B429,'Q2'!A:B,2,0) -> #N/A | S429: =IF(R429>5000,"Unpaid","Paid") -> #N/A | T429: =VLOOKUP(B429,'Q3'!A:B,2,0) -> #N/A | U429: =IF(T429>5000,"Unpaid","Paid") -> #N/A | V429: =VLOOKUP(B429,'Q4'!A:B,2,0) -> 38550 | W429: =IF(V429>5000,"Unpaid","Paid") -> Unpaid | X429: =VLOOKUP(B429,Food!A:B,2,0) -> #N/A | Y429: =VLOOKUP(B429,'Call List'!A:A,1,0) -> 14441 | Z429: =VLOOKUP(B429,Sheet4!A:A,1,0) -> #N/A
A430: 429 | B430: 14987 | C430: I | D430: A | E430: Ayushman Chemi | F430: Sibendra Chemi | G430: sibendrachemi87@gmail.com | H430: 9439000392 | I430: Bebina Chemi | J430: bebinachemi1993@gmail.com | K430: 9776187188 | L430: 2025-2026 | M430: =VLOOKUP(B430,'HP List'!A:G,7,0) -> RTE | N430: =VLOOKUP(B430,'HP List'!A:H,8,0) -> No | P430: =VLOOKUP(B430,'Q1'!A:B,2,0) -> #N/A | Q430: =IF(P430>5000,"Unpaid","Paid") -> #N/A | R430: =VLOOKUP(B430,'Q2'!A:B,2,0) -> #N/A | S430: =IF(R430>5000,"Unpaid","Paid") -> #N/A | T430: =VLOOKUP(B430,'Q3'!A:B,2,0) -> #N/A | U430: =IF(T430>5000,"Unpaid","Paid") -> #N/A | V430: =VLOOKUP(B430,'Q4'!A:B,2,0) -> 9750 | W430: =IF(V430>5000,"Unpaid","Paid") -> Unpaid | X430: =VLOOKUP(B430,Food!A:B,2,0) -> #N/A | Y430: =VLOOKUP(B430,'Call List'!A:A,1,0) -> #N/A | Z430: =VLOOKUP(B430,Sheet4!A:A,1,0) -> #N/A
A431: 430 | B431: 14373 | C431: I | D431: A | E431: Bhabyaanshi Mishra | F431: Debashis Mishra | G431: debashismishra1985@gmail.com | H431: 9937062263 | I431: Priyadarsini Sarangi | J431: priyadarsinisarangi@gmail.com | K431: 7003123332 | L431: 2024-2025 | M431: =VLOOKUP(B431,'HP List'!A:G,7,0) -> #N/A | N431: =VLOOKUP(B431,'HP List'!A:H,8,0) -> #N/A | P431: =VLOOKUP(B431,'Q1'!A:B,2,0) -> #N/A | Q431: =IF(P431>5000,"Unpaid","Paid") -> #N/A | R431: =VLOOKUP(B431,'Q2'!A:B,2,0) -> #N/A | S431: =IF(R431>5000,"Unpaid","Paid") -> #N/A | T431: =VLOOKUP(B431,'Q3'!A:B,2,0) -> #N/A | U431: =IF(T431>5000,"Unpaid","Paid") -> #N/A | V431: =VLOOKUP(B431,'Q4'!A:B,2,0) -> 45600 | W431: =IF(V431>5000,"Unpaid","Paid") -> Unpaid | X431: =VLOOKUP(B431,Food!A:B,2,0) -> Yes | Y431: =VLOOKUP(B431,'Call List'!A:A,1,0) -> 14373 | Z431: =VLOOKUP(B431,Sheet4!A:A,1,0) -> #N/A
A432: 431 | B432: 14989 | C432: I | D432: A | E432: Divyanshi Samal | F432: Biswajit Samal | G432: pupani2007@gmail.com | H432: 8802353555 | I432: Komal Priya Samal | J432: samalkomalpriya1990@gmail.com | K432: 9818911793 | L432: 2025-2026 | M432: =VLOOKUP(B432,'HP List'!A:G,7,0) -> RTE | N432: =VLOOKUP(B432,'HP List'!A:H,8,0) -> No | P432: =VLOOKUP(B432,'Q1'!A:B,2,0) -> #N/A | Q432: =IF(P432>5000,"Unpaid","Paid") -> #N/A | R432: =VLOOKUP(B432,'Q2'!A:B,2,0) -> #N/A | S432: =IF(R432>5000,"Unpaid","Paid") -> #N/A | T432: =VLOOKUP(B432,'Q3'!A:B,2,0) -> #N/A | U432: =IF(T432>5000,"Unpaid","Paid") -> #N/A | V432: =VLOOKUP(B432,'Q4'!A:B,2,0) -> 9750 | W432: =IF(V432>5000,"Unpaid","Paid") -> Unpaid | X432: =VLOOKUP(B432,Food!A:B,2,0) -> #N/A | Y432: =VLOOKUP(B432,'Call List'!A:A,1,0) -> #N/A | Z432: =VLOOKUP(B432,Sheet4!A:A,1,0) -> #N/A
... A492: 491 | B492: 14458 | C492: I | D492: D | E492: Akshada Sahoo | F492: Manoj Kumar Sahoo | G492: manoj8135@gmail.com | H492: 8800774818 | I492: Kadambini Rout | J492: kadsgenetix@gmail.com | K492: 8860106156 | L492: 2024-2025 | M492: =VLOOKUP(B492,'HP List'!A:G,7,0) -> #N/A | N492: =VLOOKUP(B492,'HP List'!A:H,8,0) -> #N/A | P492: =VLOOKUP(B492,'Q1'!A:B,2,0) -> #N/A | Q492: =IF(P492>5000,"Unpaid","Paid") -> #N/A | R492: =VLOOKUP(B492,'Q2'!A:B,2,0) -> #N/A | S492: =IF(R492>5000,"Unpaid","Paid") -> #N/A | T492: =VLOOKUP(B492,'Q3'!A:B,2,0) -> #N/A | U492: =IF(T492>5000,"Unpaid","Paid") -> #N/A | V492: =VLOOKUP(B492,'Q4'!A:B,2,0) -> #N/A | W492: =IF(V492>5000,"Unpaid","Paid") -> #N/A | X492: =VLOOKUP(B492,Food!A:B,2,0) -> Yes | Y492: =VLOOKUP(B492,'Call List'!A:A,1,0) -> 14458 | Z492: =VLOOKUP(B492,Sheet4!A:A,1,0) -> #N/A
A493: 492 | B493: 14606 | C493: I | D493: D | E493: Akshika Tiwari | F493: Rohan Tiwari | G493: rohan.tiwari@icai.org | H493: 9920869962 | I493: Vandna Tiwari | J493: vandna.tiwari1605@gmail.com | K493: 7999008422 | L493: 2025-2026 | M493: DND | N493: No | P493: =VLOOKUP(B493,'Q1'!A:B,2,0) -> #N/A | Q493: =IF(P493>5000,"Unpaid","Paid") -> #N/A | R493: =VLOOKUP(B493,'Q2'!A:B,2,0) -> #N/A | S493: =IF(R493>5000,"Unpaid","Paid") -> #N/A | T493: =VLOOKUP(B493,'Q3'!A:B,2,0) -> #N/A | U493: =IF(T493>5000,"Unpaid","Paid") -> #N/A | V493: =VLOOKUP(B493,'Q4'!A:B,2,0) -> #N/A | W493: =IF(V493>5000,"Unpaid","Paid") -> #N/A | X493: =VLOOKUP(B493,Food!A:B,2,0) -> #N/A | Y493: =VLOOKUP(B493,'Call List'!A:A,1,0) -> 14606 | Z493: =VLOOKUP(B493,Sheet4!A:A,1,0) -> #N/A
A494: 493 | B494: 14369 | C494: I | D494: D | E494: Alishka Ray | F494: Aparajit Ray | G494: shovna5@gmail.com | H494: 9776899750 | I494: Shovna Singh | J494: shovna5@gmail.com | K494: 7978648059 | L494: 2022-2023 | M494: =VLOOKUP(B494,'HP List'!A:G,7,0) -> #N/A | N494: =VLOOKUP(B494,'HP List'!A:H,8,0) -> #N/A | P494: =VLOOKUP(B494,'Q1'!A:B,2,0) -> #N/A | Q494: =IF(P494>5000,"Unpaid","Paid") -> #N/A | R494: =VLOOKUP(B494,'Q2'!A:B,2,0) -> 2850 | S494: =IF(R494>5000,"Unpaid","Paid") -> Paid | T494: =VLOOKUP(B494,'Q3'!A:B,2,0) -> #N/A | U494: =IF(T494>5000,"Unpaid","Paid") -> #N/A | V494: =VLOOKUP(B494,'Q4'!A:B,2,0) -> 33090 | W494: =IF(V494>5000,"Unpaid","Paid") -> Unpaid | X494: =VLOOKUP(B494,Food!A:B,2,0) -> Yes | Y494: =VLOOKUP(B494,'Call List'!A:A,1,0) -> 14369 | Z494: =VLOOKUP(B494,Sheet4!A:A,1,0) -> #N/A
A495: 494 | B495: 14371 | C495: I | D495: D | E495: Atharv Mishra | F495: Vaibhav Misra | G495: colormyworld.0904@gmail.com | H495: 9990069599 | I495: Megha Kumari | J495: Kmegha57@gmail.com | K495: 9740545185 | L495: 2023-2024 | M495: =VLOOKUP(B495,'HP List'!A:G,7,0) -> #N/A | N495: =VLOOKUP(B495,'HP List'!A:H,8,0) -> #N/A | P495: =VLOOKUP(B495,'Q1'!A:B,2,0) -> #N/A | Q495: =IF(P495>5000,"Unpaid","Paid") -> #N/A | R495: =VLOOKUP(B495,'Q2'!A:B,2,0) -> #N/A | S495: =IF(R495>5000,"Unpaid","Paid") -> #N/A | T495: =VLOOKUP(B495,'Q3'!A:B,2,0) -> #N/A | U495: =IF(T495>5000,"Unpaid","Paid") -> #N/A | V495: =VLOOKUP(B495,'Q4'!A:B,2,0) -> 45600 | W495: =IF(V495>5000,"Unpaid","Paid") -> Unpaid | X495: =VLOOKUP(B495,Food!A:B,2,0) -> Yes | Y495: =VLOOKUP(B495,'Call List'!A:A,1,0) -> 14371 | Z495: =VLOOKUP(B495,Sheet4!A:A,1,0) -> #N/A
A496: 495 | B496: 14765 | C496: I | D496: D | E496: Ayansh Abhisek | F496: Sriram Abhisek | G496: sriramabhisek86@gmail.com | H496: 7795351015 | I496: Adisha Mohanty | J496: adishamohanty@gmail.com | K496: 8123746636 | L496: 2025-2026 | M496: =VLOOKUP(B496,'HP List'!A:G,7,0) -> #N/A | N496: =VLOOKUP(B496,'HP List'!A:H,8,0) -> #N/A | P496: =VLOOKUP(B496,'Q1'!A:B,2,0) -> #N/A | Q496: =IF(P496>5000,"Unpaid","Paid") -> #N/A | R496: =VLOOKUP(B496,'Q2'!A:B,2,0) -> #N/A | S496: =IF(R496>5000,"Unpaid","Paid") -> #N/A | T496: =VLOOKUP(B496,'Q3'!A:B,2,0) -> #N/A | U496: =IF(T496>5000,"Unpaid","Paid") -> #N/A | V496: =VLOOKUP(B496,'Q4'!A:B,2,0) -> #N/A | W496: =IF(V496>5000,"Unpaid","Paid") -> #N/A | X496: =VLOOKUP(B496,Food!A:B,2,0) -> Yes | Y496: =VLOOKUP(B496,'Call List'!A:A,1,0) -> 14765 | Z496: =VLOOKUP(B496,Sheet4!A:A,1,0) -> #N/A
A497: 496 | B497: 14843 | C497: I | D497: D | E497: Devayani Oram | F497: Gurucharan Oram | G497: gurucharan93@gmail.com | H497: 7978825216 | I497: Eva Beck | J497: evabeck93@gmail.com | K497: 7008183095 | L497: 2025-2026 | M497: =VLOOKUP(B497,'HP List'!A:G,7,0) -> HP | N497: =VLOOKUP(B497,'HP List'!A:H,8,0) -> Yes | P497: =VLOOKUP(B497,'Q1'!A:B,2,0) -> #N/A | Q497: =IF(P497>5000,"Unpaid","Paid") -> #N/A | R497: =VLOOKUP(B497,'Q2'!A:B,2,0) -> #N/A | S497: =IF(R497>5000,"Unpaid","Paid") -> #N/A | T497: =VLOOKUP(B497,'Q3'!A:B,2,0) -> #N/A | U497: =IF(T497>5000,"Unpaid","Paid") -> #N/A | V497: =VLOOKUP(B497,'Q4'!A:B,2,0) -> 56550 | W497: =IF(V497>5000,"Unpaid","Paid") -> Unpaid | X497: =VLOOKUP(B497,Food!A:B,2,0) -> Yes | Y497: =VLOOKUP(B497,'Call List'!A:A,1,0) -> #N/A | Z497: =VLOOKUP(B497,Sheet4!A:A,1,0) -> #N/A
A498: 497 | B498: 14442 | C498: I | D498: D | E498: Falaq Akhter | F498: SK Fayeem Akhter | G498: fayeem21@gmail.com | H498: 9437197084 | I498: Benazeer Sultana | J498: benazeersultana@gmail.com | K498: 9439751934 | L498: 2022-2023 | M498: =VLOOKUP(B498,'HP List'!A:G,7,0) -> #N/A | N498: =VLOOKUP(B498,'HP List'!A:H,8,0) -> #N/A | P498: =VLOOKUP(B498,'Q1'!A:B,2,0) -> #N/A | Q498: =IF(P498>5000,"Unpaid","Paid") -> #N/A | R498: =VLOOKUP(B498,'Q2'!A:B,2,0) -> #N/A | S498: =IF(R498>5000,"Unpaid","Paid") -> #N/A | T498: =VLOOKUP(B498,'Q3'!A:B,2,0) -> #N/A | U498: =IF(T498>5000,"Unpaid","Paid") -> #N/A | V498: =VLOOKUP(B498,'Q4'!A:B,2,0) -> 59250 | W498: =IF(V498>5000,"Unpaid","Paid") -> Unpaid | X498: =VLOOKUP(B498,Food!A:B,2,0) -> Yes | Y498: =VLOOKUP(B498,'Call List'!A:A,1,0) -> 14442 | Z498: =VLOOKUP(B498,Sheet4!A:A,1,0) -> #N/A
A499: 498 | B499: 14390 | C499: I | D499: D | E499: IVAAN DEO MOHAPATRA | F499: ASHISH KUMAR MOHAPATRA | G499: drashishmohapatra@gmail.com | H499: 8249347782 | I499: BHAGYALAXMI DEO | J499: bhagyalaxmideo@gmail.com | K499: 9861862944 | L499: 2024-2025 | M499: =VLOOKUP(B499,'HP List'!A:G,7,0) -> #N/A | N499: =VLOOKUP(B499,'HP List'!A:H,8,0) -> #N/A | P499: =VLOOKUP(B499,'Q1'!A:B,2,0) -> #N/A | Q499: =IF(P499>5000,"Unpaid","Paid") -> #N/A | R499: =VLOOKUP(B499,'Q2'!A:B,2,0) -> #N/A | S499: =IF(R499>5000,"Unpaid","Paid") -> #N/A | T499: =VLOOKUP(B499,'Q3'!A:B,2,0) -> #N/A | U499: =IF(T499>5000,"Unpaid","Paid") -> #N/A | V499: =VLOOKUP(B499,'Q4'!A:B,2,0) -> 19275 | W499: =IF(V499>5000,"Unpaid","Paid") -> Unpaid | X499: =VLOOKUP(B499,Food!A:B,2,0) -> Yes | Y499: =VLOOKUP(B499,'Call List'!A:A,1,0) -> 14390 | Z499: =VLOOKUP(B499,Sheet4!A:A,1,0) -> #N/A
A500: 499 | B500: 14970 | C500: I | D500: D | E500: Jayaraj Patra | F500: Nirmal Kumar Patra | G500: patratapan3230@gmail.com | H500: 9438275044 | I500: Bijayeeni Samartha | J500: patratapan3230@gmail.com | K500: 8249985886 | L500: 2025-2026 | M500: =VLOOKUP(B500,'HP List'!A:G,7,0) -> RTE | N500: =VLOOKUP(B500,'HP List'!A:H,8,0) -> No | P500: =VLOOKUP(B500,'Q1'!A:B,2,0) -> #N/A | Q500: =IF(P500>5000,"Unpaid","Paid") -> #N/A | R500: =VLOOKUP(B500,'Q2'!A:B,2,0) -> #N/A | S500: =IF(R500>5000,"Unpaid","Paid") -> #N/A | T500: =VLOOKUP(B500,'Q3'!A:B,2,0) -> #N/A | U500: =IF(T500>5000,"Unpaid","Paid") -> #N/A | V500: =VLOOKUP(B500,'Q4'!A:B,2,0) -> 9750 | W500: =IF(V500>5000,"Unpaid","Paid") -> Unpaid | X500: =VLOOKUP(B500,Food!A:B,2,0) -> #N/A | Y500: =VLOOKUP(B500,'Call List'!A:A,1,0) -> #N/A | Z500: =VLOOKUP(B500,Sheet4!A:A,1,0) -> #N/A
A501: 500 | B501: 14702 | C501: I | D501: D | E501: MANLEEN KAUR GREWAL | F501: MAJOR MANPREET SINGH GREWAL | G501: manpreet.garewal90@gmail.com | H501: 8754416267 | I501: HARLEEN KAUR GREWAL | J501: harleen23891@gmail.com | K501: 7838317299 | L501: 2025-2026 | M501: =VLOOKUP(B501,'HP List'!A:G,7,0) -> #N/A | N501: =VLOOKUP(B501,'HP List'!A:H,8,0) -> #N/A | P501: =VLOOKUP(B501,'Q1'!A:B,2,0) -> #N/A | Q501: =IF(P501>5000,"Unpaid","Paid") -> #N/A | R501: =VLOOKUP(B501,'Q2'!A:B,2,0) -> #N/A | S501: =IF(R501>5000,"Unpaid","Paid") -> #N/A | T501: =VLOOKUP(B501,'Q3'!A:B,2,0) -> #N/A | U501: =IF(T501>5000,"Unpaid","Paid") -> #N/A | V501: =VLOOKUP(B501,'Q4'!A:B,2,0) -> #N/A | W501: =IF(V501>5000,"Unpaid","Paid") -> #N/A | X501: =VLOOKUP(B501,Food!A:B,2,0) -> #N/A | Y501: =VLOOKUP(B501,'Call List'!A:A,1,0) -> 14702 | Z501: =VLOOKUP(B501,Sheet4!A:A,1,0) -> #N/A
A502: 501 | B502: 14449 | C502: I | D502: D | E502: PURVANSH MISHRA | F502: PRADIPTA KUMAR MISHRA | G502: p&s2002@gmail.com | H502: 9861156431 | I502: SUCHISMITA PANDA | J502: suchismitap05@gmail.com | K502: 8917231804 | L502: 2022-2023 | M502: =VLOOKUP(B502,'HP List'!A:G,7,0) -> #N/A | N502: =VLOOKUP(B502,'HP List'!A:H,8,0) -> #N/A | P502: =VLOOKUP(B502,'Q1'!A:B,2,0) -> #N/A | Q502: =IF(P502>5000,"Unpaid","Paid") -> #N/A | R502: =VLOOKUP(B502,'Q2'!A:B,2,0) -> #N/A | S502: =IF(R502>5000,"Unpaid","Paid") -> #N/A | T502: =VLOOKUP(B502,'Q3'!A:B,2,0) -> #N/A | U502: =IF(T502>5000,"Unpaid","Paid") -> #N/A | V502: =VLOOKUP(B502,'Q4'!A:B,2,0) -> 45600 | W502: =IF(V502>5000,"Unpaid","Paid") -> Unpaid | X502: =VLOOKUP(B502,Food!A:B,2,0) -> Yes | Y502: =VLOOKUP(B502,'Call List'!A:A,1,0) -> 14449 | Z502: =VLOOKUP(B502,Sheet4!A:A,1,0) -> #N/A
A503: 502 | B503: 14392 | C503: I | D503: D | E503: Reyansh Nag | F503: Kailash Nag | G503: kailashnag69@gmail.com | H503: 8895534501 | I503: Kavita Nag | J503: kailashnag69@gmail.com | K503: 8249737047 | L503: 2022-2023 | M503: =VLOOKUP(B503,'HP List'!A:G,7,0) -> #N/A | N503: =VLOOKUP(B503,'HP List'!A:H,8,0) -> #N/A | P503: =VLOOKUP(B503,'Q1'!A:B,2,0) -> #N/A | Q503: =IF(P503>5000,"Unpaid","Paid") -> #N/A | R503: =VLOOKUP(B503,'Q2'!A:B,2,0) -> #N/A | S503: =IF(R503>5000,"Unpaid","Paid") -> #N/A | T503: =VLOOKUP(B503,'Q3'!A:B,2,0) -> #N/A | U503: =IF(T503>5000,"Unpaid","Paid") -> #N/A | V503: =VLOOKUP(B503,'Q4'!A:B,2,0) -> #N/A | W503: =IF(V503>5000,"Unpaid","Paid") -> #N/A | X503: =VLOOKUP(B503,Food!A:B,2,0) -> Yes | Y503: =VLOOKUP(B503,'Call List'!A:A,1,0) -> 14392 | Z503: =VLOOKUP(B503,Sheet4!A:A,1,0) -> #N/A
A504: 503 | B504: 14393 | C504: I | D504: D | E504: Reyansh Nayak | F504: Rabinarayan Nayak | G504: nayak.rabi2007@gmail.com | H504: 9133999843 | I504: Srabani Nayak | J504: srabani.nayak2008@gmail.com | K504: 9777031911 | L504: 2023-2024 | M504: =VLOOKUP(B504,'HP List'!A:G,7,0) -> #N/A | N504: =VLOOKUP(B504,'HP List'!A:H,8,0) -> #N/A | P504: =VLOOKUP(B504,'Q1'!A:B,2,0) -> #N/A | Q504: =IF(P504>5000,"Unpaid","Paid") -> #N/A | R504: =VLOOKUP(B504,'Q2'!A:B,2,0) -> #N/A | S504: =IF(R504>5000,"Unpaid","Paid") -> #N/A | T504: =VLOOKUP(B504,'Q3'!A:B,2,0) -> #N/A | U504: =IF(T504>5000,"Unpaid","Paid") -> #N/A | V504: =VLOOKUP(B504,'Q4'!A:B,2,0) -> 45600 | W504: =IF(V504>5000,"Unpaid","Paid") -> Unpaid | X504: =VLOOKUP(B504,Food!A:B,2,0) -> Yes | Y504: =VLOOKUP(B504,'Call List'!A:A,1,0) -> 14393 | Z504: =VLOOKUP(B504,Sheet4!A:A,1,0) -> #N/A
A505: 504 | B505: 14362 | C505: I | D505: D | E505: Sarah Das | F505: Surya Prakash Das | G505: dassuryaprakash@gmail.com | H505: 9090003333 | I505: Ramandeep Kaur Sahota | J505: rash_sahota@yahoo.com | K505: 7290865620 | L505: 2021-2022 | M505: =VLOOKUP(B505,'HP List'!A:G,7,0) -> #N/A | N505: =VLOOKUP(B505,'HP List'!A:H,8,0) -> #N/A | P505: =VLOOKUP(B505,'Q1'!A:B,2,0) -> #N/A | Q505: =IF(P505>5000,"Unpaid","Paid") -> #N/A | R505: =VLOOKUP(B505,'Q2'!A:B,2,0) -> #N/A | S505: =IF(R505>5000,"Unpaid","Paid") -> #N/A | T505: =VLOOKUP(B505,'Q3'!A:B,2,0) -> #N/A | U505: =IF(T505>5000,"Unpaid","Paid") -> #N/A | V505: =VLOOKUP(B505,'Q4'!A:B,2,0) -> #N/A | W505: =IF(V505>5000,"Unpaid","Paid") -> #N/A | X505: =VLOOKUP(B505,Food!A:B,2,0) -> Yes | Y505: =VLOOKUP(B505,'Call List'!A:A,1,0) -> 14362 | Z505: =VLOOKUP(B505,Sheet4!A:A,1,0) -> #N/A
... A530: 529 | B530: 14949 | C530: I | D530: E | E530: Samaira Acharya | F530: Pijush Acharya | G530: pijushacharya@yahoo.com | H530: 9439264614 | I530: Bijaylaxmi Kar | J530: bijaylaxmikar6666@gmail.com | K530: 7008958187 | L530: 2025-2026 | M530: =VLOOKUP(B530,'HP List'!A:G,7,0) -> #N/A | N530: =VLOOKUP(B530,'HP List'!A:H,8,0) -> #N/A | P530: =VLOOKUP(B530,'Q1'!A:B,2,0) -> #N/A | Q530: =IF(P530>5000,"Unpaid","Paid") -> #N/A | R530: =VLOOKUP(B530,'Q2'!A:B,2,0) -> #N/A | S530: =IF(R530>5000,"Unpaid","Paid") -> #N/A | T530: =VLOOKUP(B530,'Q3'!A:B,2,0) -> #N/A | U530: =IF(T530>5000,"Unpaid","Paid") -> #N/A | V530: =VLOOKUP(B530,'Q4'!A:B,2,0) -> 38550 | W530: =IF(V530>5000,"Unpaid","Paid") -> Unpaid | X530: =VLOOKUP(B530,Food!A:B,2,0) -> #N/A | Y530: =VLOOKUP(B530,'Call List'!A:A,1,0) -> 14949 | Z530: =VLOOKUP(B530,Sheet4!A:A,1,0) -> #N/A
A531: 530 | B531: 14412 | C531: I | D531: E | E531: Samarth Agarwal | F531: Harsit Kumar Agarwal | G531: harshit_agarwala@yahoo.com | H531: 9439490000 | I531: Shilpa Agarwal | J531: silpa.agarwal0026@gmail.com | K531: 9437140000 | L531: 2024-2025 | M531: =VLOOKUP(B531,'HP List'!A:G,7,0) -> #N/A | N531: =VLOOKUP(B531,'HP List'!A:H,8,0) -> #N/A | P531: =VLOOKUP(B531,'Q1'!A:B,2,0) -> #N/A | Q531: =IF(P531>5000,"Unpaid","Paid") -> #N/A | R531: =VLOOKUP(B531,'Q2'!A:B,2,0) -> #N/A | S531: =IF(R531>5000,"Unpaid","Paid") -> #N/A | T531: =VLOOKUP(B531,'Q3'!A:B,2,0) -> #N/A | U531: =IF(T531>5000,"Unpaid","Paid") -> #N/A | V531: =VLOOKUP(B531,'Q4'!A:B,2,0) -> 61500 | W531: =IF(V531>5000,"Unpaid","Paid") -> Unpaid | X531: =VLOOKUP(B531,Food!A:B,2,0) -> Yes | Y531: =VLOOKUP(B531,'Call List'!A:A,1,0) -> 14412 | Z531: =VLOOKUP(B531,Sheet4!A:A,1,0) -> #N/A | AA531: DS
A532: 531 | B532: 14455 | C532: I | D532: E | E532: Sehaj Madaan | F532: Anish Madan | G532: anish.uk999@gmail.com | H532: 9012755999 | I532: Harpreet Kaur | J532: harpreet.hr1@gmail.com | K532: 7895715999 | L532: 2024-2025 | M532: =VLOOKUP(B532,'HP List'!A:G,7,0) -> #N/A | N532: =VLOOKUP(B532,'HP List'!A:H,8,0) -> #N/A | P532: =VLOOKUP(B532,'Q1'!A:B,2,0) -> #N/A | Q532: =IF(P532>5000,"Unpaid","Paid") -> #N/A | R532: =VLOOKUP(B532,'Q2'!A:B,2,0) -> #N/A | S532: =IF(R532>5000,"Unpaid","Paid") -> #N/A | T532: =VLOOKUP(B532,'Q3'!A:B,2,0) -> #N/A | U532: =IF(T532>5000,"Unpaid","Paid") -> #N/A | V532: =VLOOKUP(B532,'Q4'!A:B,2,0) -> #N/A | W532: =IF(V532>5000,"Unpaid","Paid") -> #N/A | X532: =VLOOKUP(B532,Food!A:B,2,0) -> Yes | Y532: =VLOOKUP(B532,'Call List'!A:A,1,0) -> 14455 | Z532: =VLOOKUP(B532,Sheet4!A:A,1,0) -> #N/A
A533: 532 | B533: 14962 | C533: I | D533: E | E533: Somnath Jena | F533: Manoranjan Jena | G533: manoranjan3518@gmail.com | H533: 8658559987 | I533: Banita Tarai | J533: banitatarai1997@gmail.com | K533: 6370297497 | L533: 2025-2026 | M533: =VLOOKUP(B533,'HP List'!A:G,7,0) -> RTE | N533: =VLOOKUP(B533,'HP List'!A:H,8,0) -> No | P533: =VLOOKUP(B533,'Q1'!A:B,2,0) -> #N/A | Q533: =IF(P533>5000,"Unpaid","Paid") -> #N/A | R533: =VLOOKUP(B533,'Q2'!A:B,2,0) -> #N/A | S533: =IF(R533>5000,"Unpaid","Paid") -> #N/A | T533: =VLOOKUP(B533,'Q3'!A:B,2,0) -> #N/A | U533: =IF(T533>5000,"Unpaid","Paid") -> #N/A | V533: =VLOOKUP(B533,'Q4'!A:B,2,0) -> #N/A | W533: =IF(V533>5000,"Unpaid","Paid") -> #N/A | X533: =VLOOKUP(B533,Food!A:B,2,0) -> Yes | Y533: =VLOOKUP(B533,'Call List'!A:A,1,0) -> #N/A | Z533: =VLOOKUP(B533,Sheet4!A:A,1,0) -> #N/A
A534: 533 | B534: 14744 | C534: I | D534: E | E534: Stotram Priyadarshi | F534: Abhimanyu Behera | G534: abhi2013grant@gmail.com | H534: 9938020330 | I534: Hemapuspa Nibarini Sahoo | J534: ayushpriyadarshi27@gmail.com | K534: 9861337400, 9777383110 | L534: 2025-2026 | M534: =VLOOKUP(B534,'HP List'!A:G,7,0) -> #N/A | N534: =VLOOKUP(B534,'HP List'!A:H,8,0) -> #N/A | P534: =VLOOKUP(B534,'Q1'!A:B,2,0) -> 7050 | Q534: =IF(P534>5000,"Unpaid","Paid") -> Unpaid | R534: =VLOOKUP(B534,'Q2'!A:B,2,0) -> 7050 | S534: =IF(R534>5000,"Unpaid","Paid") -> Unpaid | T534: =VLOOKUP(B534,'Q3'!A:B,2,0) -> 7050 | U534: =IF(T534>5000,"Unpaid","Paid") -> Unpaid | V534: =VLOOKUP(B534,'Q4'!A:B,2,0) -> 50722 | W534: =IF(V534>5000,"Unpaid","Paid") -> Unpaid | X534: =VLOOKUP(B534,Food!A:B,2,0) -> Yes | Y534: =VLOOKUP(B534,'Call List'!A:A,1,0) -> 14744 | Z534: =VLOOKUP(B534,Sheet4!A:A,1,0) -> #N/A
A535: 534 | B535: 14384 | C535: I | D535: E | E535: Tarumita Das | F535: Tarun Kumar Das | G535: tr.moumita@gmail.com | H535: 9583439232 | I535: Moumita Das | J535: tr.moumita@gmail.com | K535: 9348763363 | L535: 2022-2023 | M535: =VLOOKUP(B535,'HP List'!A:G,7,0) -> #N/A | N535: =VLOOKUP(B535,'HP List'!A:H,8,0) -> #N/A | P535: =VLOOKUP(B535,'Q1'!A:B,2,0) -> #N/A | Q535: =IF(P535>5000,"Unpaid","Paid") -> #N/A | R535: =VLOOKUP(B535,'Q2'!A:B,2,0) -> #N/A | S535: =IF(R535>5000,"Unpaid","Paid") -> #N/A | T535: =VLOOKUP(B535,'Q3'!A:B,2,0) -> #N/A | U535: =IF(T535>5000,"Unpaid","Paid") -> #N/A | V535: =VLOOKUP(B535,'Q4'!A:B,2,0) -> 38550 | W535: =IF(V535>5000,"Unpaid","Paid") -> Unpaid | X535: =VLOOKUP(B535,Food!A:B,2,0) -> Yes | Y535: =VLOOKUP(B535,'Call List'!A:A,1,0) -> 14384 | Z535: =VLOOKUP(B535,Sheet4!A:A,1,0) -> #N/A
A536: 535 | B536: 14332 | C536: I | D536: F | E536: Afsheen Sara Khan | F536: Azim Khan | G536: azimkhan83@gmail.com | H536: 8658146254 | I536: Raina Das | J536: rainadas05@gmail.com | K536: 6371865164 | L536: 2022-2023 | M536: =VLOOKUP(B536,'HP List'!A:G,7,0) -> #N/A | N536: =VLOOKUP(B536,'HP List'!A:H,8,0) -> #N/A | P536: =VLOOKUP(B536,'Q1'!A:B,2,0) -> #N/A | Q536: =IF(P536>5000,"Unpaid","Paid") -> #N/A | R536: =VLOOKUP(B536,'Q2'!A:B,2,0) -> #N/A | S536: =IF(R536>5000,"Unpaid","Paid") -> #N/A | T536: =VLOOKUP(B536,'Q3'!A:B,2,0) -> #N/A | U536: =IF(T536>5000,"Unpaid","Paid") -> #N/A | V536: =VLOOKUP(B536,'Q4'!A:B,2,0) -> 38550 | W536: =IF(V536>5000,"Unpaid","Paid") -> Unpaid | X536: =VLOOKUP(B536,Food!A:B,2,0) -> #N/A | Y536: =VLOOKUP(B536,'Call List'!A:A,1,0) -> 14332 | Z536: =VLOOKUP(B536,Sheet4!A:A,1,0) -> #N/A
A537: 536 | B537: 14279 | C537: I | D537: F | E537: Anika P Jena | F537: Prabhat Kumar Jena | G537: jenaprabhat@gmail.com | H537: 8939509556 | I537: Diptimayee Patra | J537: dipti.mama85@gmail.com | K537: 8660224130 | L537: 2025-2026 | M537: =VLOOKUP(B537,'HP List'!A:G,7,0) -> #N/A | N537: =VLOOKUP(B537,'HP List'!A:H,8,0) -> #N/A | P537: =VLOOKUP(B537,'Q1'!A:B,2,0) -> #N/A | Q537: =IF(P537>5000,"Unpaid","Paid") -> #N/A | R537: =VLOOKUP(B537,'Q2'!A:B,2,0) -> #N/A | S537: =IF(R537>5000,"Unpaid","Paid") -> #N/A | T537: =VLOOKUP(B537,'Q3'!A:B,2,0) -> #N/A | U537: =IF(T537>5000,"Unpaid","Paid") -> #N/A | V537: =VLOOKUP(B537,'Q4'!A:B,2,0) -> #N/A | W537: =IF(V537>5000,"Unpaid","Paid") -> #N/A | X537: =VLOOKUP(B537,Food!A:B,2,0) -> #N/A | Y537: =VLOOKUP(B537,'Call List'!A:A,1,0) -> 14279 | Z537: =VLOOKUP(B537,Sheet4!A:A,1,0) -> #N/A
A538: 537 | B538: 14480 | C538: I | D538: F | E538: Anshita Kar | F538: Jeetu Ranjan Kar | G538: ranjan.jeetu28@gmail.com | H538: 9040895021 | I538: Sonali Padhy | J538: sonalipadhy91@gmail.com | K538: 7978717772 | L538: 2022-2023 | M538: =VLOOKUP(B538,'HP List'!A:G,7,0) -> #N/A | N538: =VLOOKUP(B538,'HP List'!A:H,8,0) -> #N/A | P538: =VLOOKUP(B538,'Q1'!A:B,2,0) -> #N/A | Q538: =IF(P538>5000,"Unpaid","Paid") -> #N/A | R538: =VLOOKUP(B538,'Q2'!A:B,2,0) -> #N/A | S538: =IF(R538>5000,"Unpaid","Paid") -> #N/A | T538: =VLOOKUP(B538,'Q3'!A:B,2,0) -> #N/A | U538: =IF(T538>5000,"Unpaid","Paid") -> #N/A | V538: =VLOOKUP(B538,'Q4'!A:B,2,0) -> #N/A | W538: =IF(V538>5000,"Unpaid","Paid") -> #N/A | X538: =VLOOKUP(B538,Food!A:B,2,0) -> #N/A | Y538: =VLOOKUP(B538,'Call List'!A:A,1,0) -> 14480 | Z538: =VLOOKUP(B538,Sheet4!A:A,1,0) -> #N/A
A539: 538 | B539: 15039 | C539: I | D539: F | E539: Ayushman Thakur | F539: Rajiv Thakur | G539: thakurrajiv470@gmail.com | H539: 9861810259 | I539: Sasmita Mishra | J539: sasmitathakur52@gmail.com | K539: 8018150262 | L539: 2025-2026 | M539: =VLOOKUP(B539,'HP List'!A:G,7,0) -> RTE | N539: =VLOOKUP(B539,'HP List'!A:H,8,0) -> No | P539: =VLOOKUP(B539,'Q1'!A:B,2,0) -> #N/A | Q539: =IF(P539>5000,"Unpaid","Paid") -> #N/A | R539: =VLOOKUP(B539,'Q2'!A:B,2,0) -> #N/A | S539: =IF(R539>5000,"Unpaid","Paid") -> #N/A | T539: =VLOOKUP(B539,'Q3'!A:B,2,0) -> #N/A | U539: =IF(T539>5000,"Unpaid","Paid") -> #N/A | V539: =VLOOKUP(B539,'Q4'!A:B,2,0) -> #N/A | W539: =IF(V539>5000,"Unpaid","Paid") -> #N/A | X539: =VLOOKUP(B539,Food!A:B,2,0) -> #N/A | Y539: =VLOOKUP(B539,'Call List'!A:A,1,0) -> #N/A | Z539: =VLOOKUP(B539,Sheet4!A:A,1,0) -> #N/A
A540: 539 | B540: 14430 | C540: I | D540: F | E540: Debanshi Dash | F540: Debasis Dash | G540: dashdeb.56@rediffmail.com | H540: 9980204308 | I540: Sushree Snigdha Sahoo | J540: snigdha.siet@gmail.com | K540: 9980204308 | L540: 2023-2024 | M540: =VLOOKUP(B540,'HP List'!A:G,7,0) -> #N/A | N540: =VLOOKUP(B540,'HP List'!A:H,8,0) -> #N/A | P540: =VLOOKUP(B540,'Q1'!A:B,2,0) -> #N/A | Q540: =IF(P540>5000,"Unpaid","Paid") -> #N/A | R540: =VLOOKUP(B540,'Q2'!A:B,2,0) -> #N/A | S540: =IF(R540>5000,"Unpaid","Paid") -> #N/A | T540: =VLOOKUP(B540,'Q3'!A:B,2,0) -> #N/A | U540: =IF(T540>5000,"Unpaid","Paid") -> #N/A | V540: =VLOOKUP(B540,'Q4'!A:B,2,0) -> #N/A | W540: =IF(V540>5000,"Unpaid","Paid") -> #N/A | X540: =VLOOKUP(B540,Food!A:B,2,0) -> Yes | Y540: =VLOOKUP(B540,'Call List'!A:A,1,0) -> 14430 | Z540: =VLOOKUP(B540,Sheet4!A:A,1,0) -> #N/A
A541: 540 | B541: 14284 | C541: I | D541: F | E541: Debansu Mishra | F541: Debasish Mishra | G541: debasish7mishra@gmail.com | H541: 9987270693 | I541: Suchismita Mishra | J541: mishra06.agl@gmail.com | K541: 9769592432 | L541: 2025-2026 | M541: =VLOOKUP(B541,'HP List'!A:G,7,0) -> #N/A | N541: =VLOOKUP(B541,'HP List'!A:H,8,0) -> #N/A | P541: =VLOOKUP(B541,'Q1'!A:B,2,0) -> #N/A | Q541: =IF(P541>5000,"Unpaid","Paid") -> #N/A | R541: =VLOOKUP(B541,'Q2'!A:B,2,0) -> #N/A | S541: =IF(R541>5000,"Unpaid","Paid") -> #N/A | T541: =VLOOKUP(B541,'Q3'!A:B,2,0) -> #N/A | U541: =IF(T541>5000,"Unpaid","Paid") -> #N/A | V541: =VLOOKUP(B541,'Q4'!A:B,2,0) -> #N/A | W541: =IF(V541>5000,"Unpaid","Paid") -> #N/A | X541: =VLOOKUP(B541,Food!A:B,2,0) -> Yes | Y541: =VLOOKUP(B541,'Call List'!A:A,1,0) -> 14284 | Z541: =VLOOKUP(B541,Sheet4!A:A,1,0) -> #N/A
A542: 541 | B542: 15034 | C542: I | D542: F | E542: Dibyansh Kumar Behera | F542: Rankanidhi Behera | G542: beherarankanidhi47@gmail.com | H542: 9556284084 | I542: Soudamini Biswal | J542: nandinibiswal88@gmail.com | K542: 9556306653 | L542: 2025-2026 | M542: =VLOOKUP(B542,'HP List'!A:G,7,0) -> #N/A | N542: =VLOOKUP(B542,'HP List'!A:H,8,0) -> #N/A | P542: =VLOOKUP(B542,'Q1'!A:B,2,0) -> #N/A | Q542: =IF(P542>5000,"Unpaid","Paid") -> #N/A | R542: =VLOOKUP(B542,'Q2'!A:B,2,0) -> #N/A | S542: =IF(R542>5000,"Unpaid","Paid") -> #N/A | T542: =VLOOKUP(B542,'Q3'!A:B,2,0) -> #N/A | U542: =IF(T542>5000,"Unpaid","Paid") -> #N/A | V542: =VLOOKUP(B542,'Q4'!A:B,2,0) -> #N/A | W542: =IF(V542>5000,"Unpaid","Paid") -> #N/A | X542: =VLOOKUP(B542,Food!A:B,2,0) -> Yes | Y542: =VLOOKUP(B542,'Call List'!A:A,1,0) -> 15034 | Z542: =VLOOKUP(B542,Sheet4!A:A,1,0) -> #N/A
A543: 542 | B543: 14431 | C543: I | D543: F | E543: Harshit Mohanty | F543: Pradosh Kumar Mohanty | G543: pradosmohanty@gmail.com | H543: 8249064363 | I543: Sanghamitra Mohanty | J543: pradosmohanty@gmail.com | K543: 7978988612 | L543: 2023-2024 | M543: =VLOOKUP(B543,'HP List'!A:G,7,0) -> #N/A | N543: =VLOOKUP(B543,'HP List'!A:H,8,0) -> #N/A | P543: =VLOOKUP(B543,'Q1'!A:B,2,0) -> #N/A | Q543: =IF(P543>5000,"Unpaid","Paid") -> #N/A | R543: =VLOOKUP(B543,'Q2'!A:B,2,0) -> #N/A | S543: =IF(R543>5000,"Unpaid","Paid") -> #N/A | T543: =VLOOKUP(B543,'Q3'!A:B,2,0) -> #N/A | U543: =IF(T543>5000,"Unpaid","Paid") -> #N/A | V543: =VLOOKUP(B543,'Q4'!A:B,2,0) -> 45600 | W543: =IF(V543>5000,"Unpaid","Paid") -> Unpaid | X543: =VLOOKUP(B543,Food!A:B,2,0) -> Yes | Y543: =VLOOKUP(B543,'Call List'!A:A,1,0) -> 14431 | Z543: =VLOOKUP(B543,Sheet4!A:A,1,0) -> #N/A
... A551: 550 | B551: 14274 | C551: I | D551: F | E551: SAANVI SAMPRITHI | F551: BABULA KUMAR BEHERA | G551: deepak.dowr@gmail.com | H551: 9437283486 | I551: RAJALAXMI SAHOO | J551: raj.optcl@gmail.com | K551: 9439679176 | L551: 2025-2026 | M551: =VLOOKUP(B551,'HP List'!A:G,7,0) -> #N/A | N551: =VLOOKUP(B551,'HP List'!A:H,8,0) -> #N/A | P551: =VLOOKUP(B551,'Q1'!A:B,2,0) -> #N/A | Q551: =IF(P551>5000,"Unpaid","Paid") -> #N/A | R551: =VLOOKUP(B551,'Q2'!A:B,2,0) -> #N/A | S551: =IF(R551>5000,"Unpaid","Paid") -> #N/A | T551: =VLOOKUP(B551,'Q3'!A:B,2,0) -> #N/A | U551: =IF(T551>5000,"Unpaid","Paid") -> #N/A | V551: =VLOOKUP(B551,'Q4'!A:B,2,0) -> #N/A | W551: =IF(V551>5000,"Unpaid","Paid") -> #N/A | X551: =VLOOKUP(B551,Food!A:B,2,0) -> Yes | Y551: =VLOOKUP(B551,'Call List'!A:A,1,0) -> 14274 | Z551: =VLOOKUP(B551,Sheet4!A:A,1,0) -> #N/A
A552: 551 | B552: 14396 | C552: I | D552: F | E552: Samarth Solanki | F552: Rajat Solanki | G552: rajatsolanki@gmail.com | H552: 8895725818 | I552: Nidhi Chauhan | J552: nidhichauhan18@gmail.com | K552: 8280117695 | L552: 2021-2022 | M552: =VLOOKUP(B552,'HP List'!A:G,7,0) -> #N/A | N552: =VLOOKUP(B552,'HP List'!A:H,8,0) -> #N/A | O552: Yes | P552: =VLOOKUP(B552,'Q1'!A:B,2,0) -> #N/A | Q552: =IF(P552>5000,"Unpaid","Paid") -> #N/A | R552: =VLOOKUP(B552,'Q2'!A:B,2,0) -> #N/A | S552: =IF(R552>5000,"Unpaid","Paid") -> #N/A | T552: =VLOOKUP(B552,'Q3'!A:B,2,0) -> #N/A | U552: =IF(T552>5000,"Unpaid","Paid") -> #N/A | V552: =VLOOKUP(B552,'Q4'!A:B,2,0) -> #N/A | W552: =IF(V552>5000,"Unpaid","Paid") -> #N/A | X552: =VLOOKUP(B552,Food!A:B,2,0) -> Yes | Y552: =VLOOKUP(B552,'Call List'!A:A,1,0) -> 14396 | Z552: =VLOOKUP(B552,Sheet4!A:A,1,0) -> #N/A
A553: 552 | B553: 14414 | C553: I | D553: F | E553: SHIVANSHEE MISHRA | F553: VIKASH PRASAD MISHRA | G553: sunnyvikash@gmail.com | H553: 9437008431 | I553: BHANUPRIYA MISHRA | J553: b.mishra5@gmail.com | K553: 70086141921 | L553: 2022-2023 | M553: =VLOOKUP(B553,'HP List'!A:G,7,0) -> #N/A | N553: =VLOOKUP(B553,'HP List'!A:H,8,0) -> #N/A | P553: =VLOOKUP(B553,'Q1'!A:B,2,0) -> #N/A | Q553: =IF(P553>5000,"Unpaid","Paid") -> #N/A | R553: =VLOOKUP(B553,'Q2'!A:B,2,0) -> #N/A | S553: =IF(R553>5000,"Unpaid","Paid") -> #N/A | T553: =VLOOKUP(B553,'Q3'!A:B,2,0) -> #N/A | U553: =IF(T553>5000,"Unpaid","Paid") -> #N/A | V553: =VLOOKUP(B553,'Q4'!A:B,2,0) -> #N/A | W553: =IF(V553>5000,"Unpaid","Paid") -> #N/A | X553: =VLOOKUP(B553,Food!A:B,2,0) -> #N/A | Y553: =VLOOKUP(B553,'Call List'!A:A,1,0) -> 14414 | Z553: =VLOOKUP(B553,Sheet4!A:A,1,0) -> #N/A
A554: 553 | B554: 14401 | C554: I | D554: F | E554: Shreyanvi Savini | F554: Shrikanta Kumar Behera | G554: shrikantbehera19@gmail.com | H554: 9583243320 | I554: Monalisha Behera | J554: drmonalishabehera@gmail.com | K554: 9583505101 | L554: 2024-2025 | M554: =VLOOKUP(B554,'HP List'!A:G,7,0) -> #N/A | N554: =VLOOKUP(B554,'HP List'!A:H,8,0) -> #N/A | P554: =VLOOKUP(B554,'Q1'!A:B,2,0) -> #N/A | Q554: =IF(P554>5000,"Unpaid","Paid") -> #N/A | R554: =VLOOKUP(B554,'Q2'!A:B,2,0) -> #N/A | S554: =IF(R554>5000,"Unpaid","Paid") -> #N/A | T554: =VLOOKUP(B554,'Q3'!A:B,2,0) -> #N/A | U554: =IF(T554>5000,"Unpaid","Paid") -> #N/A | V554: =VLOOKUP(B554,'Q4'!A:B,2,0) -> #N/A | W554: =IF(V554>5000,"Unpaid","Paid") -> #N/A | X554: =VLOOKUP(B554,Food!A:B,2,0) -> Yes | Y554: =VLOOKUP(B554,'Call List'!A:A,1,0) -> 14401 | Z554: =VLOOKUP(B554,Sheet4!A:A,1,0) -> #N/A
A555: 554 | B555: 14364 | C555: I | D555: F | E555: Swarnima Sahu | F555: Swagat Sahu | G555: swagat.litu@gmail.com | H555: 7381559493 | I555: Sudatta Nanda | J555: sudatta7@gmail.com | K555: 9556791175 | L555: 2022-2023 | M555: =VLOOKUP(B555,'HP List'!A:G,7,0) -> #N/A | N555: =VLOOKUP(B555,'HP List'!A:H,8,0) -> #N/A | P555: =VLOOKUP(B555,'Q1'!A:B,2,0) -> #N/A | Q555: =IF(P555>5000,"Unpaid","Paid") -> #N/A | R555: =VLOOKUP(B555,'Q2'!A:B,2,0) -> #N/A | S555: =IF(R555>5000,"Unpaid","Paid") -> #N/A | T555: =VLOOKUP(B555,'Q3'!A:B,2,0) -> #N/A | U555: =IF(T555>5000,"Unpaid","Paid") -> #N/A | V555: =VLOOKUP(B555,'Q4'!A:B,2,0) -> 17190 | W555: =IF(V555>5000,"Unpaid","Paid") -> Unpaid | X555: =VLOOKUP(B555,Food!A:B,2,0) -> Yes | Y555: =VLOOKUP(B555,'Call List'!A:A,1,0) -> 14364 | Z555: =VLOOKUP(B555,Sheet4!A:A,1,0) -> #N/A
A556: 555 | B556: 14259 | C556: I | D556: F | E556: T Koushik Subudhi | F556: T Satyaban Subudhi | G556: gayatrimatafoods.jitu@gmail.com | H556: 8249533802 | I556: T Swapnarani Subudhi | J556: gayatrimatafoods.jitu@gmail.com | K556: 8917505596 | L556: 2025-2026 | M556: =VLOOKUP(B556,'HP List'!A:G,7,0) -> #N/A | N556: =VLOOKUP(B556,'HP List'!A:H,8,0) -> #N/A | P556: =VLOOKUP(B556,'Q1'!A:B,2,0) -> #N/A | Q556: =IF(P556>5000,"Unpaid","Paid") -> #N/A | R556: =VLOOKUP(B556,'Q2'!A:B,2,0) -> #N/A | S556: =IF(R556>5000,"Unpaid","Paid") -> #N/A | T556: =VLOOKUP(B556,'Q3'!A:B,2,0) -> #N/A | U556: =IF(T556>5000,"Unpaid","Paid") -> #N/A | V556: =VLOOKUP(B556,'Q4'!A:B,2,0) -> 45600 | W556: =IF(V556>5000,"Unpaid","Paid") -> Unpaid | X556: =VLOOKUP(B556,Food!A:B,2,0) -> Yes | Y556: =VLOOKUP(B556,'Call List'!A:A,1,0) -> 14259 | Z556: =VLOOKUP(B556,Sheet4!A:A,1,0) -> #N/A
A557: 556 | B557: 14383 | C557: I | D557: F | E557: Tania Begum | F557: Sayed Sahir Ualla | G557: sahirualla12@gmail.com | H557: 9439918665 | I557: Nagma Begum | J557: sahirualla12@gmail.com | K557: 9337321198 | L557: 2023-2024 | M557: =VLOOKUP(B557,'HP List'!A:G,7,0) -> #N/A | N557: =VLOOKUP(B557,'HP List'!A:H,8,0) -> #N/A | P557: =VLOOKUP(B557,'Q1'!A:B,2,0) -> #N/A | Q557: =IF(P557>5000,"Unpaid","Paid") -> #N/A | R557: =VLOOKUP(B557,'Q2'!A:B,2,0) -> #N/A | S557: =IF(R557>5000,"Unpaid","Paid") -> #N/A | T557: =VLOOKUP(B557,'Q3'!A:B,2,0) -> #N/A | U557: =IF(T557>5000,"Unpaid","Paid") -> #N/A | V557: =VLOOKUP(B557,'Q4'!A:B,2,0) -> 59250 | W557: =IF(V557>5000,"Unpaid","Paid") -> Unpaid | X557: =VLOOKUP(B557,Food!A:B,2,0) -> Yes | Y557: =VLOOKUP(B557,'Call List'!A:A,1,0) -> 14383 | Z557: =VLOOKUP(B557,Sheet4!A:A,1,0) -> #N/A
A558: 557 | B558: 14958 | C558: I | D558: G | E558: Adya Adriti | F558: Durga Charan Laguri | G558: naik.nibedita@gmail.com | H558: 9438417152 | I558: Nibedita Naik | J558: naik.nibedita@gmail.com | K558: 9438164331 | L558: 2025-2026 | M558: =VLOOKUP(B558,'HP List'!A:G,7,0) -> RTE | N558: =VLOOKUP(B558,'HP List'!A:H,8,0) -> No | P558: =VLOOKUP(B558,'Q1'!A:B,2,0) -> #N/A | Q558: =IF(P558>5000,"Unpaid","Paid") -> #N/A | R558: =VLOOKUP(B558,'Q2'!A:B,2,0) -> #N/A | S558: =IF(R558>5000,"Unpaid","Paid") -> #N/A | T558: =VLOOKUP(B558,'Q3'!A:B,2,0) -> #N/A | U558: =IF(T558>5000,"Unpaid","Paid") -> #N/A | V558: =VLOOKUP(B558,'Q4'!A:B,2,0) -> #N/A | W558: =IF(V558>5000,"Unpaid","Paid") -> #N/A | X558: =VLOOKUP(B558,Food!A:B,2,0) -> #N/A | Y558: =VLOOKUP(B558,'Call List'!A:A,1,0) -> #N/A | Z558: =VLOOKUP(B558,Sheet4!A:A,1,0) -> #N/A
A559: 558 | B559: 14333 | C559: I | D559: G | E559: Anaika Khandelwal | F559: Ankit Khandelwal | G559: ankit@easternstevedores.com | H559: 9778379022 | I559: Abhipsa Mohanty | J559: abhipsamohanty0390@gmail.com | K559: 7799424722 | L559: 2024-2025 | M559: =VLOOKUP(B559,'HP List'!A:G,7,0) -> #N/A | N559: =VLOOKUP(B559,'HP List'!A:H,8,0) -> #N/A | P559: =VLOOKUP(B559,'Q1'!A:B,2,0) -> #N/A | Q559: =IF(P559>5000,"Unpaid","Paid") -> #N/A | R559: =VLOOKUP(B559,'Q2'!A:B,2,0) -> #N/A | S559: =IF(R559>5000,"Unpaid","Paid") -> #N/A | T559: =VLOOKUP(B559,'Q3'!A:B,2,0) -> #N/A | U559: =IF(T559>5000,"Unpaid","Paid") -> #N/A | V559: =VLOOKUP(B559,'Q4'!A:B,2,0) -> 45600 | W559: =IF(V559>5000,"Unpaid","Paid") -> Unpaid | X559: =VLOOKUP(B559,Food!A:B,2,0) -> Yes | Y559: =VLOOKUP(B559,'Call List'!A:A,1,0) -> 14333 | Z559: =VLOOKUP(B559,Sheet4!A:A,1,0) -> #N/A
A560: 559 | B560: 14691 | C560: I | D560: G | E560: BC Kavya | F560: Bichitra Mohan Jena | G560: mohan.jena1984@gmail.com | H560: 9438011525 | I560: Chinmayee Sendha | J560: schinmayee84@gmail.com | K560: 9178699549 | L560: 2025-2026 | M560: =VLOOKUP(B560,'HP List'!A:G,7,0) -> #N/A | N560: =VLOOKUP(B560,'HP List'!A:H,8,0) -> #N/A | P560: =VLOOKUP(B560,'Q1'!A:B,2,0) -> #N/A | Q560: =IF(P560>5000,"Unpaid","Paid") -> #N/A | R560: =VLOOKUP(B560,'Q2'!A:B,2,0) -> #N/A | S560: =IF(R560>5000,"Unpaid","Paid") -> #N/A | T560: =VLOOKUP(B560,'Q3'!A:B,2,0) -> #N/A | U560: =IF(T560>5000,"Unpaid","Paid") -> #N/A | V560: =VLOOKUP(B560,'Q4'!A:B,2,0) -> 56550 | W560: =IF(V560>5000,"Unpaid","Paid") -> Unpaid | X560: =VLOOKUP(B560,Food!A:B,2,0) -> Yes | Y560: =VLOOKUP(B560,'Call List'!A:A,1,0) -> 14691 | Z560: =VLOOKUP(B560,Sheet4!A:A,1,0) -> #N/A
A561: 560 | B561: 14673 | C561: I | D561: G | E561: Debashrit Priyanandan | F561: Debasish Priyaranjan | G561: deb.priya02@gmail.com | H561: 9937010077 | I561: Shrabanti Das | J561: shrabanti.chiku2018@gmail.com | K561: 8811830250 | L561: 2025-2026 | M561: =VLOOKUP(B561,'HP List'!A:G,7,0) -> #N/A | N561: =VLOOKUP(B561,'HP List'!A:H,8,0) -> #N/A | P561: =VLOOKUP(B561,'Q1'!A:B,2,0) -> #N/A | Q561: =IF(P561>5000,"Unpaid","Paid") -> #N/A | R561: =VLOOKUP(B561,'Q2'!A:B,2,0) -> #N/A | S561: =IF(R561>5000,"Unpaid","Paid") -> #N/A | T561: =VLOOKUP(B561,'Q3'!A:B,2,0) -> #N/A | U561: =IF(T561>5000,"Unpaid","Paid") -> #N/A | V561: =VLOOKUP(B561,'Q4'!A:B,2,0) -> #N/A | W561: =IF(V561>5000,"Unpaid","Paid") -> #N/A | X561: =VLOOKUP(B561,Food!A:B,2,0) -> Yes | Y561: =VLOOKUP(B561,'Call List'!A:A,1,0) -> 14673 | Z561: =VLOOKUP(B561,Sheet4!A:A,1,0) -> #N/A
A562: 561 | B562: 14408 | C562: I | D562: G | E562: Drishani Mishra | F562: Chandan Kumar Mishra | G562: chandanmishra.om@gmail.com | H562: 9437016628 | I562: Basabadatta Mohanty | J562: bsbdtt_mohanty@yahoo.co.in | K562: 9437016628 | L562: 2024-2025 | M562: =VLOOKUP(B562,'HP List'!A:G,7,0) -> #N/A | N562: =VLOOKUP(B562,'HP List'!A:H,8,0) -> #N/A | P562: =VLOOKUP(B562,'Q1'!A:B,2,0) -> #N/A | Q562: =IF(P562>5000,"Unpaid","Paid") -> #N/A | R562: =VLOOKUP(B562,'Q2'!A:B,2,0) -> #N/A | S562: =IF(R562>5000,"Unpaid","Paid") -> #N/A | T562: =VLOOKUP(B562,'Q3'!A:B,2,0) -> #N/A | U562: =IF(T562>5000,"Unpaid","Paid") -> #N/A | V562: =VLOOKUP(B562,'Q4'!A:B,2,0) -> #N/A | W562: =IF(V562>5000,"Unpaid","Paid") -> #N/A | X562: =VLOOKUP(B562,Food!A:B,2,0) -> #N/A | Y562: =VLOOKUP(B562,'Call List'!A:A,1,0) -> 14408 | Z562: =VLOOKUP(B562,Sheet4!A:A,1,0) -> #N/A | AA562: DS
A563: 562 | B563: 14446 | C563: I | D563: G | E563: KOVVALI SURYA BHARGAV | F563: KOVVALI SHAILU | G563: kovvalishailu@yahoo.co.in | H563: 9437488851 | I563: BALAMANI PUTI | J563: kovvalishailu@yahoo.co.in | K563: 9937206793 | L563: 2022-2023 | M563: =VLOOKUP(B563,'HP List'!A:G,7,0) -> #N/A | N563: =VLOOKUP(B563,'HP List'!A:H,8,0) -> #N/A | P563: =VLOOKUP(B563,'Q1'!A:B,2,0) -> #N/A | Q563: =IF(P563>5000,"Unpaid","Paid") -> #N/A | R563: =VLOOKUP(B563,'Q2'!A:B,2,0) -> #N/A | S563: =IF(R563>5000,"Unpaid","Paid") -> #N/A | T563: =VLOOKUP(B563,'Q3'!A:B,2,0) -> #N/A | U563: =IF(T563>5000,"Unpaid","Paid") -> #N/A | V563: =VLOOKUP(B563,'Q4'!A:B,2,0) -> 57450 | W563: =IF(V563>5000,"Unpaid","Paid") -> Unpaid | X563: =VLOOKUP(B563,Food!A:B,2,0) -> Yes | Y563: =VLOOKUP(B563,'Call List'!A:A,1,0) -> 14446 | Z563: =VLOOKUP(B563,Sheet4!A:A,1,0) -> #N/A
A564: 563 | B564: 14356 | C564: I | D564: G | E564: Lavikk Agarwalla | F564: Oasutosh Agarwalla | G564: oa@agarwalla.in | H564: 9437065363 | I564: Sakshi Agarwalla | J564: sakshi@agarwalla.in | K564: 7735513888 | L564: 2024-2025 | M564: =VLOOKUP(B564,'HP List'!A:G,7,0) -> #N/A | N564: =VLOOKUP(B564,'HP List'!A:H,8,0) -> #N/A | P564: =VLOOKUP(B564,'Q1'!A:B,2,0) -> #N/A | Q564: =IF(P564>5000,"Unpaid","Paid") -> #N/A | R564: =VLOOKUP(B564,'Q2'!A:B,2,0) -> #N/A | S564: =IF(R564>5000,"Unpaid","Paid") -> #N/A | T564: =VLOOKUP(B564,'Q3'!A:B,2,0) -> #N/A | U564: =IF(T564>5000,"Unpaid","Paid") -> #N/A | V564: =VLOOKUP(B564,'Q4'!A:B,2,0) -> #N/A | W564: =IF(V564>5000,"Unpaid","Paid") -> #N/A | X564: =VLOOKUP(B564,Food!A:B,2,0) -> Yes | Y564: =VLOOKUP(B564,'Call List'!A:A,1,0) -> 14356 | Z564: =VLOOKUP(B564,Sheet4!A:A,1,0) -> #N/A
A565: 564 | B565: 14433 | C565: I | D565: G | E565: Mandeep Bara | F565: Dileswar Bara | G565: dileswarbara414@gmail.com | H565: 8342034711 | I565: Manju Toppo | J565: tappomanju@gmail.com | K565: 6370715700 | L565: 2024-2025 | M565: =VLOOKUP(B565,'HP List'!A:G,7,0) -> #N/A | N565: =VLOOKUP(B565,'HP List'!A:H,8,0) -> #N/A | P565: =VLOOKUP(B565,'Q1'!A:B,2,0) -> #N/A | Q565: =IF(P565>5000,"Unpaid","Paid") -> #N/A | R565: =VLOOKUP(B565,'Q2'!A:B,2,0) -> #N/A | S565: =IF(R565>5000,"Unpaid","Paid") -> #N/A | T565: =VLOOKUP(B565,'Q3'!A:B,2,0) -> #N/A | U565: =IF(T565>5000,"Unpaid","Paid") -> #N/A | V565: =VLOOKUP(B565,'Q4'!A:B,2,0) -> #N/A | W565: =IF(V565>5000,"Unpaid","Paid") -> #N/A | X565: =VLOOKUP(B565,Food!A:B,2,0) -> Yes | Y565: =VLOOKUP(B565,'Call List'!A:A,1,0) -> 14433 | Z565: =VLOOKUP(B565,Sheet4!A:A,1,0) -> #N/A
A566: 565 | B566: 14434 | C566: I | D566: G | E566: Meisha Meheera Dalai | F566: Deepak Dalai | G566: deepakdalai81@gmail.com | H566: 7077702396 | I566: Pallabi Behera | J566: dazzling.yella@gmail.com | K566: 9937800524 | L566: 2024-2025 | M566: =VLOOKUP(B566,'HP List'!A:G,7,0) -> #N/A | N566: =VLOOKUP(B566,'HP List'!A:H,8,0) -> #N/A | P566: =VLOOKUP(B566,'Q1'!A:B,2,0) -> #N/A | Q566: =IF(P566>5000,"Unpaid","Paid") -> #N/A | R566: =VLOOKUP(B566,'Q2'!A:B,2,0) -> #N/A | S566: =IF(R566>5000,"Unpaid","Paid") -> #N/A | T566: =VLOOKUP(B566,'Q3'!A:B,2,0) -> #N/A | U566: =IF(T566>5000,"Unpaid","Paid") -> #N/A | V566: =VLOOKUP(B566,'Q4'!A:B,2,0) -> #N/A | W566: =IF(V566>5000,"Unpaid","Paid") -> #N/A | X566: =VLOOKUP(B566,Food!A:B,2,0) -> Yes | Y566: =VLOOKUP(B566,'Call List'!A:A,1,0) -> 14434 | Z566: =VLOOKUP(B566,Sheet4!A:A,1,0) -> #N/A
A567: 566 | B567: 14377 | C567: I | D567: G | E567: partha sarathi pati | F567: Patitapabana Pati | G567: parthasarathipati129@gmail.com | H567: 9439941605 | I567: sasmita pati | J567: parthasarathipati129@gmail.com | K567: 9337631374 | L567: 2022-2023 | M567: =VLOOKUP(B567,'HP List'!A:G,7,0) -> #N/A | N567: =VLOOKUP(B567,'HP List'!A:H,8,0) -> #N/A | P567: =VLOOKUP(B567,'Q1'!A:B,2,0) -> #N/A | Q567: =IF(P567>5000,"Unpaid","Paid") -> #N/A | R567: =VLOOKUP(B567,'Q2'!A:B,2,0) -> #N/A | S567: =IF(R567>5000,"Unpaid","Paid") -> #N/A | T567: =VLOOKUP(B567,'Q3'!A:B,2,0) -> #N/A | U567: =IF(T567>5000,"Unpaid","Paid") -> #N/A | V567: =VLOOKUP(B567,'Q4'!A:B,2,0) -> 45600 | W567: =IF(V567>5000,"Unpaid","Paid") -> Unpaid | X567: =VLOOKUP(B567,Food!A:B,2,0) -> Yes | Y567: =VLOOKUP(B567,'Call List'!A:A,1,0) -> 14377 | Z567: =VLOOKUP(B567,Sheet4!A:A,1,0) -> #N/A
A568: 567 | B568: 14484 | C568: I | D568: G | E568: Priyanshi Priyadarshni Sitha | F568: Biswajit Sitha | G568: biswajit.sitha@gmail.com | H568: 7205652526 | I568: Swarnalata Behera | J568: swarna.tiki@gmail.com | K568: 7978212640 | L568: 2022-2023 | M568: =VLOOKUP(B568,'HP List'!A:G,7,0) -> #N/A | N568: =VLOOKUP(B568,'HP List'!A:H,8,0) -> #N/A | P568: =VLOOKUP(B568,'Q1'!A:B,2,0) -> #N/A | Q568: =IF(P568>5000,"Unpaid","Paid") -> #N/A | R568: =VLOOKUP(B568,'Q2'!A:B,2,0) -> #N/A | S568: =IF(R568>5000,"Unpaid","Paid") -> #N/A | T568: =VLOOKUP(B568,'Q3'!A:B,2,0) -> #N/A | U568: =IF(T568>5000,"Unpaid","Paid") -> #N/A | V568: =VLOOKUP(B568,'Q4'!A:B,2,0) -> #N/A | W568: =IF(V568>5000,"Unpaid","Paid") -> #N/A | X568: =VLOOKUP(B568,Food!A:B,2,0) -> Yes | Y568: =VLOOKUP(B568,'Call List'!A:A,1,0) -> 14484 | Z568: =VLOOKUP(B568,Sheet4!A:A,1,0) -> #N/A
...

Sheet Call List
A1: Adm
A2: 15043
A3: 2250
A4: 15011
A5: 14945
A6: 14089
A7: 5863
A8: A01720
A9: 15083
A10: 15080
A11: 11252
A12: A01476
A13: 15046
A14: A01751
A15: A01763
A16: 15074
A17: 15072
A18: 14951
A19: 15049
A20: 11251
A21: 14875
A22: 15045
A23: 15086
A24: 14827
A25: 13435
A26: 14597
A27: 15079
... A34: 13466
A35: A01756
A36: A01802
A37: A01780
A38: A01606
A39: 14304
A40: A01796
A41: A01798
A42: 9933
A43: A01622
A44: 11918
A45: 12008
A46: 9120
A47: A01788
A48: 12898
A49: 14910
A50: 7829
A51: 14466
A52: 14000
A53: 14512
A54: 11754
A55: 14856
A56: 15077
A57: 8010
A58: 14779
A59: 14805
... A133: 9755
A134: A01537
A135: 14235
A136: 14015
A137: 14907
A138: 14177
A139: 13532
A140: 3162
A141: 13873
A142: 14001
A143: 2973
A144: 10193
A145: 13480
A146: 9876
... A165: 13498
A166: A01713
A167: 15058
A168: 14008
A169: 15068
A170: 13350
A171: 13543
A172: 13580
A173: 10892
A174: 9626
A175: 13327
A176: 14848
A177: 13064
A178: 12826
... A219: 13472
A220: A01604
A221: A01630
A222: A01287
A223: 11725
A224: 14959
A225: A01772
A226: 11576
A227: 6438
A228: 13623
A229: 7593
A230: 8685
A231: A01413
A232: A01684
A233: 11189
A234: 14696
A235: A01532
A236: 14909
A237: 8139
...

Sheet Q1
A1: Adm | B1: Amount
A2: A01825 | B2: 2000
A3: A01632 | B3: 3000
A4: A01743 | B4: 1000
A5: A01774 | B5: 15
A6: A01778 | B6: 1000
A7: A01449 | B7: 3750
A8: A01357 | B8: 63050
A9: A01475 | B9: 20
A10: A01348 | B10: 11500
A11: A01662 | B11: 38110
A12: A01759 | B12: 1903
A13: A01800 | B13: 2500
... A18: A01264 | B18: 3500
A19: 14744 | B19: 7050
A20: 14468 | B20: 500
A21: 14964 | B21: 4000
A22: 15130 | B22: 7000
A23: 14971 | B23: 2200
A24: 14758 | B24: 4500
A25: 14379 | B25: 225870
A26: 14410 | B26: 2250
A27: 14953 | B27: 10000
A28: 13408 | B28: 500
A29: 14954 | B29: 9000
A30: 13663 | B30: 1500
... A287: 11660 | B287: 1000
B288: 3257143.7

Sheet Q2
A1: Adm | B1: Amount
A2: A01825 | B2: 2000
A3: A01632 | B3: 3000
A4: A01743 | B4: 1000
A5: A01774 | B5: 15
A6: A01778 | B6: 1000
A7: A01449 | B7: 3750
A8: A01357 | B8: 63050
A9: A01475 | B9: 20
A10: A01348 | B10: 11500
A11: A01662 | B11: 76220
A12: A01759 | B12: 1903
A13: A01800 | B13: 2500
... A19: A01264 | B19: 3500
A20: 14369 | B20: 2850
A21: 14744 | B21: 7050
A22: 14468 | B22: 500
A23: 14964 | B23: 4000
A24: 15130 | B24: 31915
A25: 14971 | B25: 2200
A26: 14758 | B26: 4500
A27: 14379 | B27: 289120
A28: 14348 | B28: 3200
A29: 14410 | B29: 2250
A30: 14953 | B30: 10000
A31: 13408 | B31: 500
... A456: 11660 | B456: 1000
B457: 5528042.2

Sheet Q3
A1: Adm | B1: Amount
A2: A01832 | B2: 4000
A3: A01825 | B3: 4700
A4: A01823 | B4: 5700
A5: A01456 | B5: 2850
A6: A01867 | B6: 69000
A7: A01851 | B7: 17655
A8: A01743 | B8: 1000
A9: A01774 | B9: 15
A10: A01814 | B10: 45878
A11: A01778 | B11: 1000
A12: A01449 | B12: 3750
A13: A01357 | B13: 63050
... A29: A01749 | B29: 36403
A30: 15022 | B30: 13750
A31: 14744 | B31: 7050
A32: 14468 | B32: 4000
A33: 14964 | B33: 35750
A34: 15130 | B34: 71537
A35: 14971 | B35: 2200
A36: 14758 | B36: 4500
A37: 14379 | B37: 352370
A38: 14410 | B38: 4250
A39: 14953 | B39: 10000
A40: 14343 | B40: 1000
A41: 13408 | B41: 4550
... A508: 11660 | B508: 1000
B509: 12243033

Sheet Q4
A1: Adm | B1: Amount
A2: 14386 | B2: 45600
A3: 14684 | B3: 54622
A4: 14347 | B4: 45600
A5: 14387 | B5: 45600
A6: 14441 | B6: 38550
A7: 14987 | B7: 9750
A8: 14373 | B8: 45600
A9: 14989 | B9: 9750
A10: 14740 | B10: 61500
A11: 14990 | B11: 9750
A12: 14988 | B12: 9750
A13: 14983 | B13: 43672
... A2715: 3944 | B2715: 140850
A2716: A01798 | B2716: 19950
A2717: A01836 | B2717: 17550
A2718: A01828 | B2718: 17550
A2719: A01692 | B2719: 17550
A2720: A01771 | B2720: 17550
A2721: A01827 | B2721: 17550
A2722: A01727 | B2722: 17550
A2723: A01820 | B2723: 23850
A2724: A01696 | B2724: 23850
A2725: A01652 | B2725: 14038
A2726: A01738 | B2726: 23850
A2727: A01805 | B2727: 17550
... A2950: A01723 | B2950: 54060

Sheet HP List
A1: Admission No. | B1: Student Name | C1: Class Name | D1: Section Name | E1: Father Name | F1: Mother Name | G1: HP List | H1: SMS | I1: Active_2526 | J1: Class Name | K1: Section Name | L1: Duplicate Check
A2: 2326 | B2: Saugat Satapathy | C2: =VLOOKUP(A2,'Student List'!B:C,2,0) -> XII Sci | D2: =VLOOKUP(A2,'Student List'!B:D,3,0) -> C | E2: Suranjan Satapathy | F2: Sunanda Hota | G2: HP | H2: Yes | I2: =VLOOKUP(A2,'Student List'!B:B,1,0) -> 2326 | J2: XI Sci | K2: H | L2: =COUNTIF(A:A,A2) -> 1
A3: 2402 | B3: Raiguru Suryansh Mohapatra | C3: =VLOOKUP(A3,'Student List'!B:C,2,0) -> XII Hum | D3: =VLOOKUP(A3,'Student List'!B:D,3,0) -> Q | E3: Rajguru Manas Kumar Mohapatra | F3: Debasmita Tripathy | G3: DND | H3: Yes_Awareness | I3: =VLOOKUP(A3,'Student List'!B:B,1,0) -> 2402 | J3: XI Hum | K3: Q | L3: =COUNTIF(A:A,A3) -> 1
A4: 3169 | B4: Nayantara Karthikeyan | C4: =VLOOKUP(A4,'Student List'!B:C,2,0) -> XI Sci | D4: =VLOOKUP(A4,'Student List'!B:D,3,0) -> C | E4: V. Karthikeya Pandian | F4: Sujata Karthikeyan | G4: DND | H4: No | I4: =VLOOKUP(A4,'Student List'!B:B,1,0) -> 3169 | J4: X | K4: B | L4: =COUNTIF(A:A,A4) -> 1
A5: 3990 | B5: Poorva Mishra | C5: =VLOOKUP(A5,'Student List'!B:C,2,0) -> XI Hum | D5: =VLOOKUP(A5,'Student List'!B:D,3,0) -> O | E5: Jyoti Prakash Mishra | F5: Smita Mahapatra | G5: HP | H5: Yes | I5: =VLOOKUP(A5,'Student List'!B:B,1,0) -> 3990 | J5: X | K5: B | L5: =COUNTIF(A:A,A5) -> 1
A6: 5036 | B6: Aryaman Mishra | C6: =VLOOKUP(A6,'Student List'!B:C,2,0) -> XI Sci | D6: =VLOOKUP(A6,'Student List'!B:D,3,0) -> I | E6: Priyadarshi Mishra | F6: Rosalin Patasani Mishra | G6: HP | H6: Yes | I6: =VLOOKUP(A6,'Student List'!B:B,1,0) -> 5036 | J6: X | K6: C | L6: =COUNTIF(A:A,A6) -> 1
A7: 6607 | B7: Nrupen Chakravarthy Ravella | C7: =VLOOKUP(A7,'Student List'!B:C,2,0) -> XII Sci | D7: =VLOOKUP(A7,'Student List'!B:D,3,0) -> F | E7: Vineel Krishna Ravella | F7: Srimula Venugopal Chandana | G7: DND | H7: Yes_Awareness | I7: =VLOOKUP(A7,'Student List'!B:B,1,0) -> 6607 | J7: XI Sci | K7: I | L7: =COUNTIF(A:A,A7) -> 1
A8: 7100 | B8: Yash Bidyadhar Mohapatra | C8: =VLOOKUP(A8,'Student List'!B:C,2,0) -> VIII | D8: =VLOOKUP(A8,'Student List'!B:D,3,0) -> A | E8: Lalitendu Bidyadhar Mohapatra | F8: Jogeshwari Devi | G8: HP | H8: Yes | I8: =VLOOKUP(A8,'Student List'!B:B,1,0) -> 7100 | J8: VII | K8: F | L8: =COUNTIF(A:A,A8) -> 1
A9: 8187 | B9: Amit Mahapatra | C9: =VLOOKUP(A9,'Student List'!B:C,2,0) -> VII | D9: =VLOOKUP(A9,'Student List'!B:D,3,0) -> C | E9: Sunil Kumar Mahapatra | F9: Shrutirekha Rayaguru | G9: DND | H9: No | I9: =VLOOKUP(A9,'Student List'!B:B,1,0) -> 8187 | J9: VI | K9: E | L9: =COUNTIF(A:A,A9) -> 1
A10: 8910 | B10: Kabir Chaudhary | C10: =VLOOKUP(A10,'Student List'!B:C,2,0) -> VIII | D10: =VLOOKUP(A10,'Student List'!B:D,3,0) -> A | E10: Prem Chandra Chaudhary | F10: Jyoti Verma | G10: HP | H10: Yes | I10: =VLOOKUP(A10,'Student List'!B:B,1,0) -> 8910 | J10: VII | K10: D | L10: =COUNTIF(A:A,A10) -> 1
A11: 9112 | B11: Priyansh Patnaik | C11: =VLOOKUP(A11,'Student List'!B:C,2,0) -> VIII | D11: =VLOOKUP(A11,'Student List'!B:D,3,0) -> F | E11: Radha Krishna Pattanaik | F11: Anamika Patnaik | G11: HP | H11: Yes | I11: =VLOOKUP(A11,'Student List'!B:B,1,0) -> 9112 | J11: VII | K11: J | L11: =COUNTIF(A:A,A11) -> 1
A12: 9121 | B12: Yatharth Singh | C12: =VLOOKUP(A12,'Student List'!B:C,2,0) -> #N/A | D12: =VLOOKUP(A12,'Student List'!B:D,3,0) -> #N/A | E12: Ashish Kumar Singh | F12: Babita Singh | G12: HP | H12: Yes | I12: =VLOOKUP(A12,'Student List'!B:B,1,0) -> #N/A | J12: X | K12: G | L12: =COUNTIF(A:A,A12) -> 1
A13: 9171 | B13: Harshita Das | C13: =VLOOKUP(A13,'Student List'!B:C,2,0) -> XII Sci | D13: =VLOOKUP(A13,'Student List'!B:D,3,0) -> H | E13: Avikesh Das | F13: Kumkum Das | G13: HP | H13: Yes | I13: =VLOOKUP(A13,'Student List'!B:B,1,0) -> 9171 | J13: XI Sci | K13: C | L13: =COUNTIF(A:A,A13) -> 1
... A82: 14361 | B82: Roma M | C82: =VLOOKUP(A82,'Student List'!B:C,2,0) -> I | D82: =VLOOKUP(A82,'Student List'!B:D,3,0) -> G | E82: Rajesh Kumar Mishra | F82: Pallavi Shahi | G82: HP | H82: Yes | I82: =VLOOKUP(A82,'Student List'!B:B,1,0) -> 14361 | J82: KG II | K82: B | L82: =COUNTIF(A:A,A82) -> 1
A83: A01594 | B83: Kadambari Singh Raghuvanshi | C83: =VLOOKUP(A83,'Student List'!B:C,2,0) -> #N/A | D83: =VLOOKUP(A83,'Student List'!B:D,3,0) -> #N/A | E83: Chintan Raghuvanshi | F83: Sanyogita Singh Chauhan | G83: HP | H83: Yes | I83: =VLOOKUP(A83,'Student List'!B:B,1,0) -> #N/A | J83: Play Group | K83: A | L83: =COUNTIF(A:A,A83) -> 1
A84: 14785 | B84: Abhirup Sahoo | C84: =VLOOKUP(A84,'Student List'!B:C,2,0) -> IV | D84: =VLOOKUP(A84,'Student List'!B:D,3,0) -> C | E84: Manoj Kumar Sahoo | F84: Bandita Sahoo | G84: HP | H84: Yes | I84: 14785 | J84: IV | K84: C | L84: =COUNTIF(A:A,A84) -> 1
A85: 14786 | B85: Adhiraaj Sahoo | C85: =VLOOKUP(A85,'Student List'!B:C,2,0) -> IX | D85: =VLOOKUP(A85,'Student List'!B:D,3,0) -> G | E85: Manoj Kumar Sahoo | F85: Bandita Sahoo | G85: HP | H85: Yes | I85: 14786 | J85: IX | K85: G | L85: =COUNTIF(A:A,A85) -> 1
A86: 14840 | B86: =VLOOKUP(A86,'Student List'!B:E,4,0) -> Pernita Mohanty | C86: =VLOOKUP(A86,'Student List'!B:C,2,0) -> IX | D86: =VLOOKUP(A86,'Student List'!B:D,3,0) -> G | E86: =VLOOKUP(A86,'Student List'!B:F,5,0) -> Prateek Mohanty | F86: =VLOOKUP(A86,'Student List'!B:I,8,0) -> Maitri Mohanty | G86: HP | H86: Yes | L86: =COUNTIF(A:A,A86) -> 1
A87: A01765 | B87: =VLOOKUP(A87,'Student List'!B:E,4,0) -> Devika Oram | C87: =VLOOKUP(A87,'Student List'!B:C,2,0) -> Nursery | D87: =VLOOKUP(A87,'Student List'!B:D,3,0) -> A | E87: =VLOOKUP(A87,'Student List'!B:F,5,0) -> Gurucharan Oram | F87: =VLOOKUP(A87,'Student List'!B:I,8,0) -> Eva Beck | G87: HP | H87: Yes | L87: =COUNTIF(A:A,A87) -> 1
A88: 14843 | B88: =VLOOKUP(A88,'Student List'!B:E,4,0) -> Devayani Oram | C88: =VLOOKUP(A88,'Student List'!B:C,2,0) -> I | D88: =VLOOKUP(A88,'Student List'!B:D,3,0) -> D | E88: =VLOOKUP(A88,'Student List'!B:F,5,0) -> Gurucharan Oram | F88: =VLOOKUP(A88,'Student List'!B:I,8,0) -> Eva Beck | G88: HP | H88: Yes | L88: =COUNTIF(A:A,A88) -> 1
A89: 14841 | B89: =VLOOKUP(A89,'Student List'!B:E,4,0) -> Ashok Oram | C89: =VLOOKUP(A89,'Student List'!B:C,2,0) -> V | D89: =VLOOKUP(A89,'Student List'!B:D,3,0) -> H | E89: =VLOOKUP(A89,'Student List'!B:F,5,0) -> Fulchand Oram | F89: =VLOOKUP(A89,'Student List'!B:I,8,0) -> Sanjita Oram | G89: HP | H89: Yes | L89: =COUNTIF(A:A,A89) -> 1
A90: 14842 | B90: =VLOOKUP(A90,'Student List'!B:E,4,0) -> Harsbardhan Oram | C90: =VLOOKUP(A90,'Student List'!B:C,2,0) -> III | D90: =VLOOKUP(A90,'Student List'!B:D,3,0) -> E | E90: =VLOOKUP(A90,'Student List'!B:F,5,0) -> Fulchand Oram | F90: =VLOOKUP(A90,'Student List'!B:I,8,0) -> Sanjita Oram | G90: HP | H90: Yes | L90: =COUNTIF(A:A,A90) -> 1
A91: 14844 | B91: =VLOOKUP(A91,'Student List'!B:E,4,0) -> Sidharth Oram | C91: =VLOOKUP(A91,'Student List'!B:C,2,0) -> VIII | D91: =VLOOKUP(A91,'Student List'!B:D,3,0) -> C | E91: =VLOOKUP(A91,'Student List'!B:F,5,0) -> Fulchand Oram | F91: =VLOOKUP(A91,'Student List'!B:I,8,0) -> Sanjita Oram | G91: HP | H91: Yes | L91: =COUNTIF(A:A,A91) -> 1
A92: A01764 | B92: =VLOOKUP(A92,'Student List'!B:E,4,0) -> Atharva Mishra | C92: =VLOOKUP(A92,'Student List'!B:C,2,0) -> KG II | D92: =VLOOKUP(A92,'Student List'!B:D,3,0) -> E | E92: =VLOOKUP(A92,'Student List'!B:F,5,0) -> Pinak Mishra | F92: =VLOOKUP(A92,'Student List'!B:I,8,0) -> Lara Mishra | G92: HP | H92: Yes | L92: =COUNTIF(A:A,A92) -> 1
A93: 14858 | B93: =VLOOKUP(A93,'Student List'!B:E,4,0) -> Swastik Mahapatra | C93: =VLOOKUP(A93,'Student List'!B:C,2,0) -> IX | D93: =VLOOKUP(A93,'Student List'!B:D,3,0) -> I | E93: =VLOOKUP(A93,'Student List'!B:F,5,0) -> Krushna Chandra Mahapatra | F93: =VLOOKUP(A93,'Student List'!B:I,8,0) -> Anuradha Debatta | G93: HP | H93: Yes | L93: =COUNTIF(A:A,A93) -> 1
A94: 14857 | B94: =VLOOKUP(A94,'Student List'!B:E,4,0) -> Govind Nair | C94: =VLOOKUP(A94,'Student List'!B:C,2,0) -> VIII | D94: =VLOOKUP(A94,'Student List'!B:D,3,0) -> B | E94: =VLOOKUP(A94,'Student List'!B:F,5,0) -> Manoj V Nair | F94: =VLOOKUP(A94,'Student List'!B:I,8,0) -> Aswathy S | G94: HP | H94: Yes | L94: =COUNTIF(A:A,A94) -> 1
A95: A01687 | B95: =VLOOKUP(A95,'Student List'!B:E,4,0) -> Sharun Mishra | C95: =VLOOKUP(A95,'Student List'!B:C,2,0) -> Nursery | D95: =VLOOKUP(A95,'Student List'!B:D,3,0) -> B | E95: =VLOOKUP(A95,'Student List'!B:F,5,0) -> Shivendra Kumar Mishra | F95: =VLOOKUP(A95,'Student List'!B:I,8,0) -> Ami Choubey | G95: HP | H95: Yes | L95: =COUNTIF(A:A,A95) -> 1
A96: A01688 | B96: =VLOOKUP(A96,'Student List'!B:E,4,0) -> Shaurya Mishra | C96: =VLOOKUP(A96,'Student List'!B:C,2,0) -> Nursery | D96: =VLOOKUP(A96,'Student List'!B:D,3,0) -> B | E96: =VLOOKUP(A96,'Student List'!B:F,5,0) -> Shivendra Kumar Mishra | F96: =VLOOKUP(A96,'Student List'!B:I,8,0) -> Ami Choubey | G96: HP | H96: Yes | L96: =COUNTIF(A:A,A96) -> 1
A97: 14993 | B97: =VLOOKUP(A97,'Student List'!B:E,4,0) -> Shreyansh Nayak | C97: =VLOOKUP(A97,'Student List'!B:C,2,0) -> XI Com | D97: =VLOOKUP(A97,'Student List'!B:D,3,0) -> M | E97: =VLOOKUP(A97,'Student List'!B:F,5,0) -> Mahendra Nayak | F97: =VLOOKUP(A97,'Student List'!B:I,8,0) -> Sindhu Nandini Nayak | G97: HP_NPS | H97: Yes | L97: =COUNTIF(A:A,A98) -> 1
A98: 14955 | B98: =VLOOKUP(A98,'Student List'!B:E,4,0) -> Asutosh Behera | C98: =VLOOKUP(A98,'Student List'!B:C,2,0) -> I | D98: =VLOOKUP(A98,'Student List'!B:D,3,0) -> E | E98: =VLOOKUP(A98,'Student List'!B:F,5,0) -> Hrushikesh Behera | F98: =VLOOKUP(A98,'Student List'!B:I,8,0) -> Saraswati Behera | G98: RTE | H98: No | L98: =COUNTIF(A:A,A99) -> 1
A99: 14965 | B99: =VLOOKUP(A99,'Student List'!B:E,4,0) -> Shivanshika Sanjivani | C99: =VLOOKUP(A99,'Student List'!B:C,2,0) -> I | D99: =VLOOKUP(A99,'Student List'!B:D,3,0) -> D | E99: =VLOOKUP(A99,'Student List'!B:F,5,0) -> Prasanta Kumar Sahoo | F99: =VLOOKUP(A99,'Student List'!B:I,8,0) -> Runubala Rout | G99: RTE | H99: No | L99: =COUNTIF(A:A,A100) -> 1
A100: 14964 | B100: =VLOOKUP(A100,'Student List'!B:E,4,0) -> Arshi Tarannum | C100: =VLOOKUP(A100,'Student List'!B:C,2,0) -> I | D100: =VLOOKUP(A100,'Student List'!B:D,3,0) -> H | E100: =VLOOKUP(A100,'Student List'!B:F,5,0) -> Shaikh Siraj Uddin | F100: =VLOOKUP(A100,'Student List'!B:I,8,0) -> Suhana Parmin | G100: RTE | H100: No | L100: =COUNTIF(A:A,A101) -> 1
A101: 14963 | B101: =VLOOKUP(A101,'Student List'!B:E,4,0) -> #N/A | C101: =VLOOKUP(A101,'Student List'!B:C,2,0) -> #N/A | D101: =VLOOKUP(A101,'Student List'!B:D,3,0) -> #N/A | E101: =VLOOKUP(A101,'Student List'!B:F,5,0) -> #N/A | F101: =VLOOKUP(A101,'Student List'!B:I,8,0) -> #N/A | G101: RTE | H101: No
A102: 14962 | B102: =VLOOKUP(A102,'Student List'!B:E,4,0) -> Somnath Jena | C102: =VLOOKUP(A102,'Student List'!B:C,2,0) -> I | D102: =VLOOKUP(A102,'Student List'!B:D,3,0) -> E | E102: =VLOOKUP(A102,'Student List'!B:F,5,0) -> Manoranjan Jena | F102: =VLOOKUP(A102,'Student List'!B:I,8,0) -> Banita Tarai | G102: RTE | H102: No
A103: 14958 | B103: =VLOOKUP(A103,'Student List'!B:E,4,0) -> Adya Adriti | C103: =VLOOKUP(A103,'Student List'!B:C,2,0) -> I | D103: =VLOOKUP(A103,'Student List'!B:D,3,0) -> G | E103: =VLOOKUP(A103,'Student List'!B:F,5,0) -> Durga Charan Laguri | F103: =VLOOKUP(A103,'Student List'!B:I,8,0) -> Nibedita Naik | G103: RTE | H103: No
A104: 14971 | B104: =VLOOKUP(A104,'Student List'!B:E,4,0) -> Ayush Jena | C104: =VLOOKUP(A104,'Student List'!B:C,2,0) -> I | D104: =VLOOKUP(A104,'Student List'!B:D,3,0) -> I | E104: =VLOOKUP(A104,'Student List'!B:F,5,0) -> Sarbeswar Jena | F104: =VLOOKUP(A104,'Student List'!B:I,8,0) -> Ritanjali Behera | G104: RTE | H104: No
A105: 14973 | B105: =VLOOKUP(A105,'Student List'!B:E,4,0) -> SHIVANSH KUMAR DAS | C105: =VLOOKUP(A105,'Student List'!B:C,2,0) -> I | D105: =VLOOKUP(A105,'Student List'!B:D,3,0) -> C | E105: =VLOOKUP(A105,'Student List'!B:F,5,0) -> Santanu Kumar Das | F105: =VLOOKUP(A105,'Student List'!B:I,8,0) -> Sasmita Das | G105: RTE | H105: No
A106: 14970 | B106: =VLOOKUP(A106,'Student List'!B:E,4,0) -> Jayaraj Patra | C106: =VLOOKUP(A106,'Student List'!B:C,2,0) -> I | D106: =VLOOKUP(A106,'Student List'!B:D,3,0) -> D | E106: =VLOOKUP(A106,'Student List'!B:F,5,0) -> Nirmal Kumar Patra | F106: =VLOOKUP(A106,'Student List'!B:I,8,0) -> Bijayeeni Samartha | G106: RTE | H106: No
A107: 14972 | B107: =VLOOKUP(A107,'Student List'!B:E,4,0) -> AAYANSH KUMAR | C107: =VLOOKUP(A107,'Student List'!B:C,2,0) -> I | D107: =VLOOKUP(A107,'Student List'!B:D,3,0) -> B | E107: =VLOOKUP(A107,'Student List'!B:F,5,0) -> Manoranjan Kasta | F107: =VLOOKUP(A107,'Student List'!B:I,8,0) -> Amrita Swati Pragyan | G107: RTE | H107: No
A108: 14969 | B108: =VLOOKUP(A108,'Student List'!B:E,4,0) -> Alisha Biswal | C108: =VLOOKUP(A108,'Student List'!B:C,2,0) -> I | D108: =VLOOKUP(A108,'Student List'!B:D,3,0) -> H | E108: =VLOOKUP(A108,'Student List'!B:F,5,0) -> Pradeep Kumar Biswal | F108: =VLOOKUP(A108,'Student List'!B:I,8,0) -> Mitarani Sahoo | G108: RTE | H108: No
A109: 14968 | B109: =VLOOKUP(A109,'Student List'!B:E,4,0) -> AMAYRA SWARNIKA TIRKEY | C109: =VLOOKUP(A109,'Student List'!B:C,2,0) -> I | D109: =VLOOKUP(A109,'Student List'!B:D,3,0) -> I | E109: =VLOOKUP(A109,'Student List'!B:F,5,0) -> Binod Kumar Tirkey | F109: =VLOOKUP(A109,'Student List'!B:I,8,0) -> Anuradha Tirkey | G109: RTE | H109: No
A110: 14966 | B110: =VLOOKUP(A110,'Student List'!B:E,4,0) -> SHIVANSH MOHANTY | C110: =VLOOKUP(A110,'Student List'!B:C,2,0) -> I | D110: =VLOOKUP(A110,'Student List'!B:D,3,0) -> K | E110: =VLOOKUP(A110,'Student List'!B:F,5,0) -> Bibhuti Bhusan Mohanty | F110: =VLOOKUP(A110,'Student List'!B:I,8,0) -> Smita Mahakud | G110: RTE | H110: No
A111: 14974 | B111: =VLOOKUP(A111,'Student List'!B:E,4,0) -> Rithvik Sahoo | C111: =VLOOKUP(A111,'Student List'!B:C,2,0) -> I | D111: =VLOOKUP(A111,'Student List'!B:D,3,0) -> K | E111: =VLOOKUP(A111,'Student List'!B:F,5,0) -> Ranjan Kumar Sahoo | F111: =VLOOKUP(A111,'Student List'!B:I,8,0) -> Ratna Sahoo | G111: RTE | H111: No
A112: 14981 | B112: =VLOOKUP(A112,'Student List'!B:E,4,0) -> #N/A | C112: =VLOOKUP(A112,'Student List'!B:C,2,0) -> #N/A | D112: =VLOOKUP(A112,'Student List'!B:D,3,0) -> #N/A | E112: =VLOOKUP(A112,'Student List'!B:F,5,0) -> #N/A | F112: =VLOOKUP(A112,'Student List'!B:I,8,0) -> #N/A | G112: RTE | H112: No
... A135: 15092 | B135: =VLOOKUP(A135,'Student List'!B:E,4,0) -> Aarna Akhilesh Kumar Singh | C135: =VLOOKUP(A135,'Student List'!B:C,2,0) -> VIII | D135: =VLOOKUP(A135,'Student List'!B:D,3,0) -> E | E135: =VLOOKUP(A135,'Student List'!B:F,5,0) -> Akhilesh Kumar Singh | F135: =VLOOKUP(A135,'Student List'!B:I,8,0) -> Neha Singh | G135: HP | H135: No
A136: A01810 | B136: =VLOOKUP(A136,'Student List'!B:E,4,0) -> Hitarth Jain | C136: =VLOOKUP(A136,'Student List'!B:C,2,0) -> Nursery | D136: =VLOOKUP(A136,'Student List'!B:D,3,0) -> B | E136: =VLOOKUP(A136,'Student List'!B:F,5,0) -> Mukul Jain | F136: =VLOOKUP(A136,'Student List'!B:I,8,0) -> Yashika Goyal | G136: HP | H136: No
A137: 15105 | B137: =VLOOKUP(A137,'Student List'!B:E,4,0) -> Yeddula Abhiram | C137: =VLOOKUP(A137,'Student List'!B:C,2,0) -> IX | D137: =VLOOKUP(A137,'Student List'!B:D,3,0) -> E | E137: =VLOOKUP(A137,'Student List'!B:F,5,0) -> Yeddula Vijay | F137: =VLOOKUP(A137,'Student List'!B:I,8,0) -> Yeddula Sirisha | G137: HP | H137: No
A138: 15051 | B138: =VLOOKUP(A138,'Student List'!B:E,4,0) -> Tejasveer Sahoo | C138: =VLOOKUP(A138,'Student List'!B:C,2,0) -> IX | D138: =VLOOKUP(A138,'Student List'!B:D,3,0) -> A | E138: =VLOOKUP(A138,'Student List'!B:F,5,0) -> Manas Ranjan Sahoo | F138: =VLOOKUP(A138,'Student List'!B:I,8,0) -> Twinkle Prusty | G138: DND | H138: No
A139: A01821 | B139: =VLOOKUP(A139,'Student List'!B:E,4,0) -> Arish V Singh | C139: =VLOOKUP(A139,'Student List'!B:C,2,0) -> KG II | D139: =VLOOKUP(A139,'Student List'!B:D,3,0) -> A | E139: =VLOOKUP(A139,'Student List'!B:F,5,0) -> Vijay Singh Kiroriwal | F139: =VLOOKUP(A139,'Student List'!B:I,8,0) -> Kanchan | G139: HP | H139: No
A140: A01613 | B140: =VLOOKUP(A140,'Student List'!B:E,4,0) -> Abhinav Mishra | C140: =VLOOKUP(A140,'Student List'!B:C,2,0) -> Nursery | D140: =VLOOKUP(A140,'Student List'!B:D,3,0) -> C | E140: =VLOOKUP(A140,'Student List'!B:F,5,0) -> Abhishek Mishra | F140: =VLOOKUP(A140,'Student List'!B:I,8,0) -> Vandana Mishra | G140: HP | H140: No
A141: 14163 | B141: =VLOOKUP(A141,'Student List'!B:E,4,0) -> Kashinath Sarangi | C141: =VLOOKUP(A141,'Student List'!B:C,2,0) -> II | D141: =VLOOKUP(A141,'Student List'!B:D,3,0) -> K | E141: =VLOOKUP(A141,'Student List'!B:F,5,0) -> Gyanendra Sarangi | F141: =VLOOKUP(A141,'Student List'!B:I,8,0) -> Mamata Panda | G141: RTE | H141: No
A142: A01826 | B142: =VLOOKUP(A142,'Student List'!B:E,4,0) -> #N/A | C142: =VLOOKUP(A142,'Student List'!B:C,2,0) -> #N/A | D142: =VLOOKUP(A142,'Student List'!B:D,3,0) -> #N/A | E142: =VLOOKUP(A142,'Student List'!B:F,5,0) -> #N/A | F142: =VLOOKUP(A142,'Student List'!B:I,8,0) -> #N/A | G142: HP | H142: No
A143: 15138 | B143: =VLOOKUP(A143,'Student List'!B:E,4,0) -> Neelansh Kapil | C143: =VLOOKUP(A143,'Student List'!B:C,2,0) -> I | D143: =VLOOKUP(A143,'Student List'!B:D,3,0) -> E | E143: =VLOOKUP(A143,'Student List'!B:F,5,0) -> Lalit Kumar Kapil | F143: =VLOOKUP(A143,'Student List'!B:I,8,0) -> Anu | G143: HP | H143: No
A144: 4853 | B144: =VLOOKUP(A144,'Student List'!B:E,4,0) -> Om Mallick | C144: =VLOOKUP(A144,'Student List'!B:C,2,0) -> XI Com | D144: =VLOOKUP(A144,'Student List'!B:D,3,0) -> L | E144: =VLOOKUP(A144,'Student List'!B:F,5,0) -> Gokulananda Mallick | F144: =VLOOKUP(A144,'Student List'!B:I,8,0) -> Sasmita Mallick | G144: HP | H144: No
A145: 4854 | B145: =VLOOKUP(A145,'Student List'!B:E,4,0) -> Subham Mallick | C145: =VLOOKUP(A145,'Student List'!B:C,2,0) -> XI Sci | D145: =VLOOKUP(A145,'Student List'!B:D,3,0) -> A | E145: =VLOOKUP(A145,'Student List'!B:F,5,0) -> Gokulananda Mallick | F145: =VLOOKUP(A145,'Student List'!B:I,8,0) -> Sasmita Mallick | G145: HP | H145: No
B146: =VLOOKUP(A146,'Student List'!B:E,4,0) -> #N/A | C146: =VLOOKUP(A146,'Student List'!B:C,2,0) -> #N/A | D146: =VLOOKUP(A146,'Student List'!B:D,3,0) -> #N/A | E146: =VLOOKUP(A146,'Student List'!B:F,5,0) -> #N/A | F146: =VLOOKUP(A146,'Student List'!B:I,8,0) -> #N/A | G146: HP | H146: No
